domain,task,h_plus,h_plus_lower_bound,h_plus_upper_bound,h_opt,h_opt_lower_bound,h_opt_upper_bound
barman-opt11-strips,pfile01-001,-,-,-,-,60,-
barman-opt11-strips,pfile01-002,-,-,-,-,58,-
barman-opt11-strips,pfile01-003,-,-,-,-,59,-
barman-opt11-strips,pfile01-004,-,-,-,-,58,-
barman-opt11-strips,pfile02-005,-,-,-,-,57,-
barman-opt11-strips,pfile02-006,-,-,-,-,63,-
barman-opt11-strips,pfile02-007,-,-,-,-,61,-
barman-opt11-strips,pfile02-008,-,-,-,-,60,-
barman-opt11-strips,pfile03-009,-,-,-,-,62,-
barman-opt11-strips,pfile03-010,-,-,-,-,61,-
barman-opt11-strips,pfile03-011,-,-,-,-,62,-
barman-opt11-strips,pfile03-012,-,-,-,-,61,-
barman-opt11-strips,pfile04-013,-,-,-,-,43,-
barman-opt11-strips,pfile04-014,-,-,-,-,57,-
barman-opt11-strips,pfile04-015,-,-,-,-,57,-
barman-opt11-strips,pfile04-016,-,-,-,-,57,-
barman-opt11-strips,pfile05-017,-,-,-,-,53,-
barman-opt11-strips,pfile05-018,-,-,-,-,54,-
barman-opt11-strips,pfile05-019,-,-,-,-,54,-
barman-opt11-strips,pfile05-020,-,-,-,-,54,-
barman-sat11-strips,pfile06-021,-,-,-,-,68,-
barman-sat11-strips,pfile06-022,-,-,-,-,61,-
barman-sat11-strips,pfile06-023,-,-,-,-,52,-
barman-sat11-strips,pfile06-024,-,-,-,-,54,-
barman-sat11-strips,pfile07-025,-,-,-,-,50,-
barman-sat11-strips,pfile07-026,-,-,-,-,55,-
barman-sat11-strips,pfile07-027,-,-,-,-,61,-
barman-sat11-strips,pfile07-028,-,-,-,-,61,-
barman-sat11-strips,pfile08-029,-,-,-,-,62,-
barman-sat11-strips,pfile08-030,-,-,-,-,71,-
barman-sat11-strips,pfile08-031,-,-,-,-,62,-
barman-sat11-strips,pfile08-032,-,-,-,-,61,-
barman-sat11-strips,pfile09-033,-,-,-,-,56,-
barman-sat11-strips,pfile09-034,-,-,-,-,63,-
barman-sat11-strips,pfile09-035,-,-,-,-,55,-
barman-sat11-strips,pfile09-036,-,-,-,-,54,-
barman-sat11-strips,pfile10-037,-,-,-,-,53,-
barman-sat11-strips,pfile10-038,-,-,-,-,64,-
barman-sat11-strips,pfile10-039,-,-,-,-,42,-
barman-sat11-strips,pfile10-040,-,-,-,-,54,-
elevators-opt08-strips,p01,-,-,-,42,-,-
elevators-opt08-strips,p02,-,-,-,26,-,-
elevators-opt08-strips,p03,-,-,-,55,-,-
elevators-opt08-strips,p04,-,-,-,40,-,-
elevators-opt08-strips,p05,-,-,-,55,-,-
elevators-opt08-strips,p06,-,-,-,53,-,-
elevators-opt08-strips,p07,-,-,-,-,49,-
elevators-opt08-strips,p08,-,-,-,-,41,-
elevators-opt08-strips,p09,-,-,-,-,45,-
elevators-opt08-strips,p10,-,-,-,-,45,-
elevators-opt08-strips,p11,-,-,-,56,-,-
elevators-opt08-strips,p12,-,-,-,54,-,-
elevators-opt08-strips,p13,-,-,-,59,-,-
elevators-opt08-strips,p14,-,-,-,63,-,-
elevators-opt08-strips,p15,-,-,-,66,-,-
elevators-opt08-strips,p16,-,-,-,-,55,-
elevators-opt08-strips,p17,-,-,-,-,66,-
elevators-opt08-strips,p18,-,-,-,61,-,-
elevators-opt08-strips,p19,-,-,-,-,74,-
elevators-opt08-strips,p20,-,-,-,-,61,-
elevators-opt08-strips,p21,-,-,-,48,-,-
elevators-opt08-strips,p22,-,-,-,54,-,-
elevators-opt08-strips,p23,-,-,-,-,56,-
elevators-opt08-strips,p24,-,-,-,56,-,-
elevators-opt08-strips,p25,-,-,-,63,-,-
elevators-opt08-strips,p26,-,-,-,-,46,-
elevators-opt08-strips,p27,-,-,-,-,65,-
elevators-opt08-strips,p28,-,-,-,-,52,-
elevators-opt08-strips,p29,-,-,-,-,61,-
elevators-opt08-strips,p30,-,-,-,-,55,-
elevators-opt11-strips,p01,-,-,-,56,-,-
elevators-opt11-strips,p02,-,-,-,48,-,-
elevators-opt11-strips,p03,-,-,-,54,-,-
elevators-opt11-strips,p04,-,-,-,55,-,-
elevators-opt11-strips,p05,-,-,-,59,-,-
elevators-opt11-strips,p06,-,-,-,40,-,-
elevators-opt11-strips,p07,-,-,-,-,46,-
elevators-opt11-strips,p08,-,-,-,55,-,-
elevators-opt11-strips,p09,-,-,-,54,-,-
elevators-opt11-strips,p10,-,-,-,63,-,-
elevators-opt11-strips,p11,-,-,-,-,52,-
elevators-opt11-strips,p12,-,-,-,53,-,-
elevators-opt11-strips,p13,-,-,-,-,49,-
elevators-opt11-strips,p14,-,-,-,-,41,-
elevators-opt11-strips,p15,-,-,-,-,45,-
elevators-opt11-strips,p16,-,-,-,66,-,-
elevators-opt11-strips,p17,-,-,-,-,66,-
elevators-opt11-strips,p18,-,-,-,61,-,-
elevators-opt11-strips,p19,-,-,-,-,56,-
elevators-opt11-strips,p20,-,-,-,56,-,-
elevators-sat08-strips,p01,-,-,-,52,-,-
elevators-sat08-strips,p02,-,-,-,53,-,-
elevators-sat08-strips,p03,-,-,-,-,48,-
elevators-sat08-strips,p04,-,-,-,-,48,-
elevators-sat08-strips,p05,-,-,-,-,40,-
elevators-sat08-strips,p06,-,-,-,-,47,-
elevators-sat08-strips,p07,-,-,-,-,51,-
elevators-sat08-strips,p08,-,-,-,-,40,-
elevators-sat08-strips,p09,-,-,-,-,47,-
elevators-sat08-strips,p10,-,-,-,-,40,-
elevators-sat08-strips,p11,-,-,-,-,70,-
elevators-sat08-strips,p12,-,-,-,-,79,-
elevators-sat08-strips,p13,-,-,-,-,72,-
elevators-sat08-strips,p14,-,-,-,-,77,-
elevators-sat08-strips,p15,-,-,-,-,87,-
elevators-sat08-strips,p16,-,-,-,-,76,-
elevators-sat08-strips,p17,-,-,-,-,81,-
elevators-sat08-strips,p18,-,-,-,-,84,-
elevators-sat08-strips,p19,-,-,-,-,88,-
elevators-sat08-strips,p20,-,-,-,-,88,-
elevators-sat08-strips,p21,-,-,-,-,90,-
elevators-sat08-strips,p22,-,-,-,-,105,-
elevators-sat08-strips,p23,-,-,-,-,95,-
elevators-sat08-strips,p24,-,-,-,-,104,-
elevators-sat08-strips,p25,-,-,-,-,117,-
elevators-sat08-strips,p26,-,-,-,-,107,-
elevators-sat08-strips,p27,-,-,-,-,98,-
elevators-sat08-strips,p28,-,-,-,-,105,-
elevators-sat08-strips,p29,-,-,-,-,99,-
elevators-sat08-strips,p30,-,-,-,-,105,-
elevators-sat11-strips,p01,-,-,-,-,77,-
elevators-sat11-strips,p02,-,-,-,-,97,-
elevators-sat11-strips,p03,-,-,-,-,107,-
elevators-sat11-strips,p04,-,-,-,-,75,-
elevators-sat11-strips,p05,-,-,-,-,84,-
elevators-sat11-strips,p06,-,-,-,-,95,-
elevators-sat11-strips,p07,-,-,-,-,116,-
elevators-sat11-strips,p08,-,-,-,-,102,-
elevators-sat11-strips,p09,-,-,-,-,100,-
elevators-sat11-strips,p10,-,-,-,-,113,-
elevators-sat11-strips,p11,-,-,-,-,99,-
elevators-sat11-strips,p12,-,-,-,-,90,-
elevators-sat11-strips,p13,-,-,-,-,85,-
elevators-sat11-strips,p14,-,-,-,-,100,-
elevators-sat11-strips,p15,-,-,-,-,78,-
elevators-sat11-strips,p16,-,-,-,-,159,-
elevators-sat11-strips,p17,-,-,-,-,185,-
elevators-sat11-strips,p18,-,-,-,-,166,-
elevators-sat11-strips,p19,-,-,-,-,185,-
elevators-sat11-strips,p20,-,-,-,-,195,-
floortile-opt11-strips,opt-p01-001,-,-,-,38,-,-
floortile-opt11-strips,opt-p01-002,-,-,-,33,-,-
floortile-opt11-strips,opt-p02-003,-,-,-,62,-,-
floortile-opt11-strips,opt-p02-004,-,-,-,53,-,-
floortile-opt11-strips,opt-p03-005,-,-,-,58,-,-
floortile-opt11-strips,opt-p03-006,-,-,-,60,-,-
floortile-opt11-strips,opt-p04-007,-,-,-,-,53,-
floortile-opt11-strips,opt-p04-008,-,-,-,-,57,-
floortile-opt11-strips,opt-p05-009,-,-,-,-,60,-
floortile-opt11-strips,opt-p05-010,-,-,-,-,62,-
floortile-opt11-strips,opt-p06-011,-,-,-,-,70,-
floortile-opt11-strips,opt-p06-012,-,-,-,-,71,-
floortile-opt11-strips,opt-p07-013,-,-,-,-,74,-
floortile-opt11-strips,opt-p07-014,-,-,-,-,77,-
floortile-opt11-strips,opt-p08-015,-,-,-,-,82,-
floortile-opt11-strips,opt-p08-016,-,-,-,-,83,-
floortile-opt11-strips,opt-p09-017,-,-,-,-,92,-
floortile-opt11-strips,opt-p09-018,-,-,-,-,92,-
floortile-opt11-strips,opt-p10-019,-,-,-,-,101,-
floortile-opt11-strips,opt-p10-020,-,-,-,-,101,-
floortile-sat11-strips,seq-p01-001,-,-,-,49,-,-
floortile-sat11-strips,seq-p01-002,-,-,-,52,-,-
floortile-sat11-strips,seq-p02-003,-,-,-,-,45,-
floortile-sat11-strips,seq-p02-004,-,-,-,-,58,-
floortile-sat11-strips,seq-p03-005,-,-,-,-,53,-
floortile-sat11-strips,seq-p03-006,-,-,-,-,50,-
floortile-sat11-strips,seq-p04-007,-,-,-,-,60,-
floortile-sat11-strips,seq-p04-008,-,-,-,-,60,-
floortile-sat11-strips,seq-p05-009,-,-,-,-,73,-
floortile-sat11-strips,seq-p05-010,-,-,-,-,73,-
floortile-sat11-strips,seq-p06-011,-,-,-,-,73,-
floortile-sat11-strips,seq-p06-012,-,-,-,-,77,-
floortile-sat11-strips,seq-p07-013,-,-,-,-,83,-
floortile-sat11-strips,seq-p07-014,-,-,-,-,87,-
floortile-sat11-strips,seq-p08-015,-,-,-,-,95,-
floortile-sat11-strips,seq-p08-016,-,-,-,-,99,-
floortile-sat11-strips,seq-p09-017,-,-,-,-,107,-
floortile-sat11-strips,seq-p09-018,-,-,-,-,113,-
floortile-sat11-strips,seq-p10-019,-,-,-,-,136,-
floortile-sat11-strips,seq-p10-020,-,-,-,-,132,-
parcprinter-08-strips,p01,-,-,-,169009,-,-
parcprinter-08-strips,p02,-,-,-,438047,-,-
parcprinter-08-strips,p03,-,-,-,807114,-,-
parcprinter-08-strips,p04,-,-,-,876094,-,-
parcprinter-08-strips,p05,-,-,-,1145132,-,-
parcprinter-08-strips,p06,-,-,-,1514199,-,-
parcprinter-08-strips,p07,-,-,-,-,1377123,-
parcprinter-08-strips,p08,-,-,-,-,1846219,-
parcprinter-08-strips,p09,-,-,-,-,2112258,-
parcprinter-08-strips,p10,-,-,-,-,2452327,-
parcprinter-08-strips,p11,-,-,-,182808,-,-
parcprinter-08-strips,p12,-,-,-,510256,-,-
parcprinter-08-strips,p13,-,-,-,693064,-,-
parcprinter-08-strips,p14,-,-,-,1020512,-,-
parcprinter-08-strips,p15,-,-,-,-,1419184,-
parcprinter-08-strips,p16,-,-,-,-,1417348,-
parcprinter-08-strips,p17,-,-,-,-,1469852,-
parcprinter-08-strips,p18,-,-,-,-,1900263,-
parcprinter-08-strips,p19,-,-,-,-,2579475,-
parcprinter-08-strips,p20,-,-,-,-,2246727,-
parcprinter-08-strips,p21,-,-,-,143411,-,-
parcprinter-08-strips,p22,-,-,-,375821,-,-
parcprinter-08-strips,p23,-,-,-,519232,-,-
parcprinter-08-strips,p24,-,-,-,751642,-,-
parcprinter-08-strips,p25,-,-,-,1215839,-,-
parcprinter-08-strips,p26,-,-,-,1216462,-,-
parcprinter-08-strips,p27,-,-,-,1270874,-,-
parcprinter-08-strips,p28,-,-,-,1681282,-,-
parcprinter-08-strips,p29,-,-,-,-,2340271,-
parcprinter-08-strips,p30,-,-,-,-,2002895,-
parcprinter-opt11-strips,p01,-,-,-,375821,-,-
parcprinter-opt11-strips,p02,-,-,-,438047,-,-
parcprinter-opt11-strips,p03,-,-,-,510256,-,-
parcprinter-opt11-strips,p04,-,-,-,876094,-,-
parcprinter-opt11-strips,p05,-,-,-,519232,-,-
parcprinter-opt11-strips,p06,-,-,-,1514199,-,-
parcprinter-opt11-strips,p07,-,-,-,1145132,-,-
parcprinter-opt11-strips,p08,-,-,-,751642,-,-
parcprinter-opt11-strips,p09,-,-,-,693064,-,-
parcprinter-opt11-strips,p10,-,-,-,1215839,-,-
parcprinter-opt11-strips,p11,-,-,-,1216462,-,-
parcprinter-opt11-strips,p12,-,-,-,1020512,-,-
parcprinter-opt11-strips,p13,-,-,-,-,1229113,-
parcprinter-opt11-strips,p14,-,-,-,-,1846219,-
parcprinter-opt11-strips,p15,-,-,-,-,2112258,-
parcprinter-opt11-strips,p16,-,-,-,-,2452327,-
parcprinter-opt11-strips,p17,-,-,-,-,1419184,-
parcprinter-opt11-strips,p18,-,-,-,-,1417348,-
parcprinter-opt11-strips,p19,-,-,-,-,1469852,-
parcprinter-opt11-strips,p20,-,-,-,1270874,-,-
parcprinter-sat11-strips,p01,-,-,-,-,1229113,-
parcprinter-sat11-strips,p02,-,-,-,-,1846219,-
parcprinter-sat11-strips,p03,-,-,-,-,2475327,-
parcprinter-sat11-strips,p04,-,-,-,-,2246727,-
parcprinter-sat11-strips,p05,-,-,-,1216462,-,-
parcprinter-sat11-strips,p06,-,-,-,1270874,-,-
parcprinter-sat11-strips,p07,-,-,-,-,2112258,-
parcprinter-sat11-strips,p08,-,-,-,1681282,-,-
parcprinter-sat11-strips,p09,-,-,-,-,2340271,-
parcprinter-sat11-strips,p10,-,-,-,-,2002895,-
parcprinter-sat11-strips,p11,-,-,-,-,1623149,-
parcprinter-sat11-strips,p12,-,-,-,-,2810346,-
parcprinter-sat11-strips,p13,-,-,-,-,3275374,-
parcprinter-sat11-strips,p14,-,-,-,-,2578705,-
parcprinter-sat11-strips,p15,-,-,-,-,2494225,-
parcprinter-sat11-strips,p16,-,-,-,-,2826203,-
parcprinter-sat11-strips,p17,-,-,-,-,1520456,-
parcprinter-sat11-strips,p18,-,-,-,-,2319649,-
parcprinter-sat11-strips,p19,-,-,-,-,2978638,-
parcprinter-sat11-strips,p20,-,-,-,-,2289717,-
scanalyzer-08-strips,p01,-,-,-,18,-,-
scanalyzer-08-strips,p02,-,-,-,22,-,-
scanalyzer-08-strips,p03,-,-,-,26,-,-
scanalyzer-08-strips,p04,-,-,-,24,-,-
scanalyzer-08-strips,p05,-,-,-,-,28,-
scanalyzer-08-strips,p06,-,-,-,-,28,-
scanalyzer-08-strips,p07,-,-,-,30,-,-
scanalyzer-08-strips,p08,-,-,-,-,34,-
scanalyzer-08-strips,p09,-,-,-,-,35,-
scanalyzer-08-strips,p10,-,-,-,36,-,-
scanalyzer-08-strips,p11,-,-,-,-,39,-
scanalyzer-08-strips,p12,-,-,-,-,40,-
scanalyzer-08-strips,p13,-,-,-,42,-,-
scanalyzer-08-strips,p14,-,-,-,-,45,-
scanalyzer-08-strips,p15,-,-,-,-,46,-
scanalyzer-08-strips,p16,-,-,-,48,-,-
scanalyzer-08-strips,p17,-,-,-,-,50,-
scanalyzer-08-strips,p18,-,-,-,-,51,-
scanalyzer-08-strips,p19,-,-,-,54,-,-
scanalyzer-08-strips,p20,-,-,-,-,56,-
scanalyzer-08-strips,p21,-,-,-,-,57,-
scanalyzer-08-strips,p22,-,-,-,13,-,-
scanalyzer-08-strips,p23,-,-,-,13,-,-
scanalyzer-08-strips,p24,-,-,-,13,-,-
scanalyzer-08-strips,p25,-,-,-,26,-,-
scanalyzer-08-strips,p26,-,-,-,-,28,-
scanalyzer-08-strips,p27,-,-,-,-,30,-
scanalyzer-08-strips,p28,-,-,-,-,36,-
scanalyzer-08-strips,p29,-,-,-,-,39,-
scanalyzer-08-strips,p30,-,-,-,-,40,-
scanalyzer-opt11-strips,p01,-,-,-,13,-,-
scanalyzer-opt11-strips,p02,-,-,-,22,-,-
scanalyzer-opt11-strips,p03,-,-,-,26,-,-
scanalyzer-opt11-strips,p04,-,-,-,24,-,-
scanalyzer-opt11-strips,p05,-,-,-,30,-,-
scanalyzer-opt11-strips,p06,-,-,-,-,28,-
scanalyzer-opt11-strips,p07,-,-,-,54,-,-
scanalyzer-opt11-strips,p08,-,-,-,36,-,-
scanalyzer-opt11-strips,p09,-,-,-,42,-,-
scanalyzer-opt11-strips,p10,-,-,-,48,-,-
scanalyzer-opt11-strips,p11,-,-,-,26,-,-
scanalyzer-opt11-strips,p12,-,-,-,-,28,-
scanalyzer-opt11-strips,p13,-,-,-,-,30,-
scanalyzer-opt11-strips,p14,-,-,-,-,28,-
scanalyzer-opt11-strips,p15,-,-,-,-,34,-
scanalyzer-opt11-strips,p16,-,-,-,-,39,-
scanalyzer-opt11-strips,p17,-,-,-,-,45,-
scanalyzer-opt11-strips,p18,-,-,-,-,50,-
scanalyzer-opt11-strips,p19,-,-,-,-,56,-
scanalyzer-opt11-strips,p20,-,-,-,-,36,-
scanalyzer-sat11-strips,p01,-,-,-,26,-,-
scanalyzer-sat11-strips,p02,-,-,-,36,-,-
scanalyzer-sat11-strips,p03,-,-,-,-,28,-
scanalyzer-sat11-strips,p04,-,-,-,-,35,-
scanalyzer-sat11-strips,p05,-,-,-,42,-,-
scanalyzer-sat11-strips,p06,-,-,-,-,28,-
scanalyzer-sat11-strips,p07,-,-,-,48,-,-
scanalyzer-sat11-strips,p08,-,-,-,-,30,-
scanalyzer-sat11-strips,p09,-,-,-,-,40,-
scanalyzer-sat11-strips,p10,-,-,-,-,45,-
scanalyzer-sat11-strips,p11,-,-,-,-,46,-
scanalyzer-sat11-strips,p12,-,-,-,-,39,-
scanalyzer-sat11-strips,p13,-,-,-,-,34,-
scanalyzer-sat11-strips,p14,-,-,-,-,50,-
scanalyzer-sat11-strips,p15,-,-,-,-,51,-
scanalyzer-sat11-strips,p16,-,-,-,-,56,-
scanalyzer-sat11-strips,p17,-,-,-,-,57,-
scanalyzer-sat11-strips,p18,-,-,-,-,36,-
scanalyzer-sat11-strips,p19,-,-,-,-,39,-
scanalyzer-sat11-strips,p20,-,-,-,-,40,-
transport-opt08-strips,p01,-,-,-,54,-,-
transport-opt08-strips,p02,-,-,-,131,-,-
transport-opt08-strips,p03,-,-,-,250,-,-
transport-opt08-strips,p04,-,-,-,318,-,-
transport-opt08-strips,p05,-,-,-,-,205,-
transport-opt08-strips,p06,-,-,-,-,185,-
transport-opt08-strips,p07,-,-,-,-,240,-
transport-opt08-strips,p08,-,-,-,-,212,-
transport-opt08-strips,p09,-,-,-,-,203,-
transport-opt08-strips,p10,-,-,-,-,235,-
transport-opt08-strips,p11,-,-,-,456,-,-
transport-opt08-strips,p12,-,-,-,594,-,-
transport-opt08-strips,p13,-,-,-,550,-,-
transport-opt08-strips,p14,-,-,-,-,549,-
transport-opt08-strips,p15,-,-,-,-,594,-
transport-opt08-strips,p16,-,-,-,-,607,-
transport-opt08-strips,p17,-,-,-,-,649,-
transport-opt08-strips,p18,-,-,-,-,638,-
transport-opt08-strips,p19,-,-,-,-,641,-
transport-opt08-strips,p20,-,-,-,-,626,-
transport-opt08-strips,p21,-,-,-,478,-,-
transport-opt08-strips,p22,-,-,-,632,-,-
transport-opt08-strips,p23,-,-,-,630,-,-
transport-opt08-strips,p24,-,-,-,614,-,-
transport-opt08-strips,p25,-,-,-,-,528,-
transport-opt08-strips,p26,-,-,-,-,346,-
transport-opt08-strips,p27,-,-,-,-,466,-
transport-opt08-strips,p28,-,-,-,-,431,-
transport-opt08-strips,p29,-,-,-,-,482,-
transport-opt08-strips,p30,-,-,-,-,501,-
transport-opt11-strips,p01,-,-,-,630,-,-
transport-opt11-strips,p02,-,-,-,250,-,-
transport-opt11-strips,p03,-,-,-,594,-,-
transport-opt11-strips,p04,-,-,-,550,-,-
transport-opt11-strips,p05,-,-,-,614,-,-
transport-opt11-strips,p06,-,-,-,318,-,-
transport-opt11-strips,p07,-,-,-,-,207,-
transport-opt11-strips,p08,-,-,-,-,206,-
transport-opt11-strips,p09,-,-,-,-,185,-
transport-opt11-strips,p10,-,-,-,-,230,-
transport-opt11-strips,p11,-,-,-,-,576,-
transport-opt11-strips,p12,-,-,-,-,566,-
transport-opt11-strips,p13,-,-,-,-,308,-
transport-opt11-strips,p14,-,-,-,-,218,-
transport-opt11-strips,p15,-,-,-,-,621,-
transport-opt11-strips,p16,-,-,-,-,458,-
transport-opt11-strips,p17,-,-,-,-,219,-
transport-opt11-strips,p18,-,-,-,-,544,-
transport-opt11-strips,p19,-,-,-,-,528,-
transport-opt11-strips,p20,-,-,-,-,208,-
transport-sat08-strips,p01,-,-,-,54,-,-
transport-sat08-strips,p02,-,-,-,270,-,-
transport-sat08-strips,p03,-,-,-,-,200,-
transport-sat08-strips,p04,-,-,-,-,172,-
transport-sat08-strips,p05,-,-,-,-,190,-
transport-sat08-strips,p06,-,-,-,-,233,-
transport-sat08-strips,p07,-,-,-,-,248,-
transport-sat08-strips,p08,-,-,-,-,234,-
transport-sat08-strips,p09,-,-,-,-,216,-
transport-sat08-strips,p10,-,-,-,-,234,-
transport-sat08-strips,p11,-,-,-,473,-,-
transport-sat08-strips,p12,-,-,-,-,508,-
transport-sat08-strips,p13,-,-,-,-,518,-
transport-sat08-strips,p14,-,-,-,-,521,-
transport-sat08-strips,p15,-,-,-,-,664,-
transport-sat08-strips,p16,-,-,-,-,470,-
transport-sat08-strips,p17,-,-,-,-,517,-
transport-sat08-strips,p18,-,-,-,-,530,-
transport-sat08-strips,p19,-,-,-,-,519,-
transport-sat08-strips,p20,-,-,-,-,515,-
transport-sat08-strips,p21,-,-,-,431,-,-
transport-sat08-strips,p22,-,-,-,675,-,-
transport-sat08-strips,p23,-,-,-,-,358,-
transport-sat08-strips,p24,-,-,-,-,614,-
transport-sat08-strips,p25,-,-,-,-,490,-
transport-sat08-strips,p26,-,-,-,-,453,-
transport-sat08-strips,p27,-,-,-,-,513,-
transport-sat08-strips,p28,-,-,-,-,566,-
transport-sat08-strips,p29,-,-,-,-,557,-
transport-sat08-strips,p30,-,-,-,-,518,-
transport-sat11-strips,p01,-,-,-,-,250,-
transport-sat11-strips,p02,-,-,-,-,204,-
transport-sat11-strips,p03,-,-,-,-,590,-
transport-sat11-strips,p04,-,-,-,-,466,-
transport-sat11-strips,p05,-,-,-,-,569,-
transport-sat11-strips,p06,-,-,-,-,538,-
transport-sat11-strips,p07,-,-,-,-,519,-
transport-sat11-strips,p08,-,-,-,-,233,-
transport-sat11-strips,p09,-,-,-,-,515,-
transport-sat11-strips,p10,-,-,-,-,516,-
transport-sat11-strips,p11,-,-,-,-,289,-
transport-sat11-strips,p12,-,-,-,-,263,-
transport-sat11-strips,p13,-,-,-,-,255,-
transport-sat11-strips,p14,-,-,-,-,520,-
transport-sat11-strips,p15,-,-,-,-,688,-
transport-sat11-strips,p16,-,-,-,-,503,-
transport-sat11-strips,p17,-,-,-,-,520,-
transport-sat11-strips,p18,-,-,-,-,524,-
transport-sat11-strips,p19,-,-,-,-,513,-
transport-sat11-strips,p20,-,-,-,-,524,-
woodworking-opt08-strips,p01,-,-,-,170,-,-
woodworking-opt08-strips,p02,-,-,-,185,-,-
woodworking-opt08-strips,p03,-,-,-,275,-,-
woodworking-opt08-strips,p04,-,-,-,-,255,-
woodworking-opt08-strips,p05,-,-,-,270,-,-
woodworking-opt08-strips,p06,-,-,-,-,430,-
woodworking-opt08-strips,p07,-,-,-,400,-,-
woodworking-opt08-strips,p08,-,-,-,-,410,-
woodworking-opt08-strips,p09,-,-,-,-,395,-
woodworking-opt08-strips,p10,-,-,-,-,450,-
woodworking-opt08-strips,p11,-,-,-,130,-,-
woodworking-opt08-strips,p12,-,-,-,225,-,-
woodworking-opt08-strips,p13,-,-,-,215,-,-
woodworking-opt08-strips,p14,-,-,-,225,-,-
woodworking-opt08-strips,p15,-,-,-,270,-,-
woodworking-opt08-strips,p16,-,-,-,-,275,-
woodworking-opt08-strips,p17,-,-,-,-,270,-
woodworking-opt08-strips,p18,-,-,-,-,410,-
woodworking-opt08-strips,p19,-,-,-,-,380,-
woodworking-opt08-strips,p20,-,-,-,-,395,-
woodworking-opt08-strips,p21,-,-,-,95,-,-
woodworking-opt08-strips,p22,-,-,-,185,-,-
woodworking-opt08-strips,p23,-,-,-,195,-,-
woodworking-opt08-strips,p24,-,-,-,245,-,-
woodworking-opt08-strips,p25,-,-,-,380,-,-
woodworking-opt08-strips,p26,-,-,-,-,210,-
woodworking-opt08-strips,p27,-,-,-,-,310,-
woodworking-opt08-strips,p28,-,-,-,-,435,-
woodworking-opt08-strips,p29,-,-,-,545,-,-
woodworking-opt08-strips,p30,-,-,-,-,640,-
woodworking-opt11-strips,p01,-,-,-,195,-,-
woodworking-opt11-strips,p02,-,-,-,225,-,-
woodworking-opt11-strips,p03,-,-,-,215,-,-
woodworking-opt11-strips,p04,-,-,-,275,-,-
woodworking-opt11-strips,p05,-,-,-,245,-,-
woodworking-opt11-strips,p06,-,-,-,-,255,-
woodworking-opt11-strips,p07,-,-,-,225,-,-
woodworking-opt11-strips,p08,-,-,-,380,-,-
woodworking-opt11-strips,p09,-,-,-,270,-,-
woodworking-opt11-strips,p10,-,-,-,270,-,-
woodworking-opt11-strips,p11,-,-,-,-,210,-
woodworking-opt11-strips,p12,-,-,-,-,275,-
woodworking-opt11-strips,p13,-,-,-,-,430,-
woodworking-opt11-strips,p14,-,-,-,-,310,-
woodworking-opt11-strips,p15,-,-,-,-,270,-
woodworking-opt11-strips,p16,-,-,-,400,-,-
woodworking-opt11-strips,p17,-,-,-,-,435,-
woodworking-opt11-strips,p18,-,-,-,-,410,-
woodworking-opt11-strips,p19,-,-,-,-,410,-
woodworking-opt11-strips,p20,-,-,-,545,-,-
woodworking-sat08-strips,p01,-,-,-,110,-,-
woodworking-sat08-strips,p02,-,-,-,255,-,-
woodworking-sat08-strips,p03,-,-,-,425,-,-
woodworking-sat08-strips,p04,-,-,-,-,690,-
woodworking-sat08-strips,p05,-,-,-,-,465,-
woodworking-sat08-strips,p06,-,-,-,-,550,-
woodworking-sat08-strips,p07,-,-,-,-,790,-
woodworking-sat08-strips,p08,-,-,-,-,890,-
woodworking-sat08-strips,p09,-,-,-,-,800,-
woodworking-sat08-strips,p10,-,-,-,-,910,-
woodworking-sat08-strips,p11,-,-,-,50,-,-
woodworking-sat08-strips,p12,-,-,-,300,-,-
woodworking-sat08-strips,p13,-,-,-,-,425,-
woodworking-sat08-strips,p14,-,-,-,-,425,-
woodworking-sat08-strips,p15,-,-,-,-,755,-
woodworking-sat08-strips,p16,-,-,-,-,565,-
woodworking-sat08-strips,p17,-,-,-,-,805,-
woodworking-sat08-strips,p18,-,-,-,-,720,-
woodworking-sat08-strips,p19,-,-,-,-,720,-
woodworking-sat08-strips,p20,-,-,-,-,860,-
woodworking-sat08-strips,p21,-,-,-,165,-,-
woodworking-sat08-strips,p22,-,-,-,205,-,-
woodworking-sat08-strips,p23,-,-,-,-,375,-
woodworking-sat08-strips,p24,-,-,-,-,530,-
woodworking-sat08-strips,p25,-,-,-,-,420,-
woodworking-sat08-strips,p26,-,-,-,-,855,-
woodworking-sat08-strips,p27,-,-,-,-,560,-
woodworking-sat08-strips,p28,-,-,-,-,1210,-
woodworking-sat08-strips,p29,-,-,-,-,850,-
woodworking-sat08-strips,p30,-,-,-,-,920,-
woodworking-sat11-strips,p01,-,-,-,-,790,-
woodworking-sat11-strips,p02,-,-,-,-,890,-
woodworking-sat11-strips,p03,-,-,-,-,720,-
woodworking-sat11-strips,p04,-,-,-,-,800,-
woodworking-sat11-strips,p05,-,-,-,-,860,-
woodworking-sat11-strips,p06,-,-,-,-,910,-
woodworking-sat11-strips,p07,-,-,-,-,1210,-
woodworking-sat11-strips,p08,-,-,-,-,850,-
woodworking-sat11-strips,p09,-,-,-,-,720,-
woodworking-sat11-strips,p10,-,-,-,50,-,-
woodworking-sat11-strips,p11,-,-,-,-,1095,-
woodworking-sat11-strips,p12,-,-,-,-,1035,-
woodworking-sat11-strips,p13,-,-,-,-,1130,-
woodworking-sat11-strips,p14,-,-,-,-,825,-
woodworking-sat11-strips,p15,-,-,-,-,1265,-
woodworking-sat11-strips,p16,-,-,-,-,1110,-
woodworking-sat11-strips,p17,-,-,-,-,500,-
woodworking-sat11-strips,p18,-,-,-,-,1000,-
woodworking-sat11-strips,p19,-,-,-,-,745,-
woodworking-sat11-strips,p20,-,-,-,-,755,-
