domain,task,h_plus,h_plus_lower_bound,h_plus_upper_bound
airport,p01-airport1-p1,8.0,-,-
airport,p02-airport1-p1,9.0,-,-
airport,p03-airport1-p2,17.0,-,-
airport,p04-airport2-p1,20.0,-,-
airport,p05-airport2-p1,21.0,-,-
airport,p06-airport2-p2,41.0,-,-
airport,p07-airport2-p2,41.0,-,-
airport,p08-airport2-p3,62.0,-,-
airport,p09-airport2-p4,71.0,-,-
airport,p10-airport3-p1,18.0,-,-
airport,p11-airport3-p1,21.0,-,-
airport,p12-airport3-p2,39.0,-,-
airport,p13-airport3-p2,37.0,-,-
airport,p14-airport3-p3,60.0,-,-
airport,p15-airport3-p3,58.0,-,-
airport,p16-airport3-p4,79.0,-,-
airport,p17-airport3-p5,88.0,-,-
airport,p18-airport3-p6,107.0,-,-
airport,p19-airport3-p6,90.0,-,-
airport,p20-airport3-p7,115.0,-,-
airport,p21-airport4halfMUC-p2,101.0,-,-
airport,p22-airport4halfMUC-p3,148.0,-,-
airport,p23-airport4halfMUC-p4,168.0,-,-
airport,p24-airport4halfMUC-p4,162.0,-,-
airport,p25-airport4halfMUC-p5,212.0,-,-
airport,p26-airport4halfMUC-p6,220.0,-,-
airport,p27-airport4halfMUC-p6,246.0,-,-
airport,p28-airport4halfMUC-p7,294.0,-,-
airport,p29-airport4halfMUC-p8,308.0,-,-
airport,p30-airport4halfMUC-p8,310.0,-,-
airport,p31-airport4halfMUC-p9,358.0,-,-
airport,p32-airport4halfMUC-p10,390.0,-,-
airport,p33-airport4halfMUC-p10,393.0,-,-
airport,p34-airport4halfMUC-p11,427.0,-,-
airport,p35-airport4halfMUC-p12,433.0,-,-
airport,p36-airport5MUC-p2,109.0,-,-
airport,p37-airport5MUC-p3,141.0,-,-
airport,p38-airport5MUC-p3,154.0,-,-
airport,p39-airport5MUC-p4,208.0,-,-
airport,p40-airport5MUC-p4,190.0,-,-
airport,p41-airport5MUC-p4,178.0,-,-
airport,p42-airport5MUC-p5,257.0,-,-
airport,p43-airport5MUC-p5,223.0,-,-
airport,p44-airport5MUC-p5,227.0,-,-
airport,p45-airport5MUC-p6,249.0,-,-
airport,p46-airport5MUC-p6,290.0,-,-
airport,p47-airport5MUC-p8,355.0,-,-
airport,p48-airport5MUC-p9,423.0,-,-
airport,p49-airport5MUC-p10,451.0,-,-
airport,p50-airport5MUC-p15,685.0,-,-
airport,p01-airport1-p1,8.0,-,-
airport,p02-airport1-p1,9.0,-,-
airport,p03-airport1-p2,17.0,-,-
airport,p04-airport2-p1,20.0,-,-
airport,p05-airport2-p1,21.0,-,-
airport,p06-airport2-p2,41.0,-,-
airport,p07-airport2-p2,41.0,-,-
airport,p08-airport2-p3,62.0,-,-
airport,p09-airport2-p4,71.0,-,-
airport,p10-airport3-p1,18.0,-,-
airport,p11-airport3-p1,21.0,-,-
airport,p12-airport3-p2,39.0,-,-
airport,p13-airport3-p2,37.0,-,-
airport,p14-airport3-p3,60.0,-,-
airport,p15-airport3-p3,58.0,-,-
airport,p16-airport3-p4,79.0,-,-
airport,p17-airport3-p5,88.0,-,-
airport,p18-airport3-p6,107.0,-,-
airport,p19-airport3-p6,90.0,-,-
airport,p20-airport3-p7,115.0,-,-
airport,p21-airport4halfMUC-p2,101.0,-,-
airport,p22-airport4halfMUC-p3,148.0,-,-
airport,p23-airport4halfMUC-p4,168.0,-,-
airport,p24-airport4halfMUC-p4,162.0,-,-
airport,p25-airport4halfMUC-p5,212.0,-,-
airport,p26-airport4halfMUC-p6,220.0,-,-
airport,p27-airport4halfMUC-p6,246.0,-,-
airport,p28-airport4halfMUC-p7,294.0,-,-
airport,p29-airport4halfMUC-p8,308.0,-,-
airport,p30-airport4halfMUC-p8,310.0,-,-
airport,p31-airport4halfMUC-p9,358.0,-,-
airport,p32-airport4halfMUC-p10,390.0,-,-
airport,p33-airport4halfMUC-p10,393.0,-,-
airport,p34-airport4halfMUC-p11,427.0,-,-
airport,p35-airport4halfMUC-p12,433.0,-,-
airport,p36-airport5MUC-p2,109.0,-,-
airport,p37-airport5MUC-p3,141.0,-,-
airport,p38-airport5MUC-p3,154.0,-,-
airport,p39-airport5MUC-p4,208.0,-,-
airport,p40-airport5MUC-p4,190.0,-,-
airport,p41-airport5MUC-p4,178.0,-,-
airport,p42-airport5MUC-p5,257.0,-,-
airport,p43-airport5MUC-p5,223.0,-,-
airport,p44-airport5MUC-p5,227.0,-,-
airport,p45-airport5MUC-p6,249.0,-,-
airport,p46-airport5MUC-p6,290.0,-,-
airport,p47-airport5MUC-p8,355.0,-,-
airport,p48-airport5MUC-p9,423.0,-,-
airport,p49-airport5MUC-p10,451.0,-,-
airport,p50-airport5MUC-p15,685.0,-,-
barman-opt11-strips,pfile01-001,41.0,-,-
barman-opt11-strips,pfile01-002,41.0,-,-
barman-opt11-strips,pfile01-003,41.0,-,-
barman-opt11-strips,pfile01-004,41.0,-,-
barman-opt11-strips,pfile02-005,43.0,-,-
barman-opt11-strips,pfile02-006,43.0,-,-
barman-opt11-strips,pfile02-007,43.0,-,-
barman-opt11-strips,pfile02-008,43.0,-,-
barman-opt11-strips,pfile03-009,-,43,45
barman-opt11-strips,pfile03-010,45.0,-,-
barman-opt11-strips,pfile03-011,-,43,45
barman-opt11-strips,pfile03-012,45.0,-,-
barman-opt11-strips,pfile04-013,47.0,-,-
barman-opt11-strips,pfile04-014,48.0,-,-
barman-opt11-strips,pfile04-015,-,30,47
barman-opt11-strips,pfile04-016,47.0,-,-
barman-opt11-strips,pfile05-017,50.0,-,-
barman-opt11-strips,pfile05-018,-,33,50
barman-opt11-strips,pfile05-019,-,33,50
barman-opt11-strips,pfile05-020,50.0,-,-
barman-opt11-strips,pfile01-001,41.0,-,-
barman-opt11-strips,pfile01-002,41.0,-,-
barman-opt11-strips,pfile01-003,41.0,-,-
barman-opt11-strips,pfile01-004,41.0,-,-
barman-opt11-strips,pfile02-005,43.0,-,-
barman-opt11-strips,pfile02-006,43.0,-,-
barman-opt11-strips,pfile02-007,43.0,-,-
barman-opt11-strips,pfile02-008,43.0,-,-
barman-opt11-strips,pfile03-009,-,43,45
barman-opt11-strips,pfile03-010,45.0,-,-
barman-opt11-strips,pfile03-011,-,43,45
barman-opt11-strips,pfile03-012,45.0,-,-
barman-opt11-strips,pfile04-013,47.0,-,-
barman-opt11-strips,pfile04-014,48.0,-,-
barman-opt11-strips,pfile04-015,-,30,47
barman-opt11-strips,pfile04-016,47.0,-,-
barman-opt11-strips,pfile05-017,50.0,-,-
barman-opt11-strips,pfile05-018,-,33,50
barman-opt11-strips,pfile05-019,-,33,50
barman-opt11-strips,pfile05-020,50.0,-,-
barman-sat11-strips,pfile06-021,-,33,64
barman-sat11-strips,pfile06-022,-,30,63
barman-sat11-strips,pfile06-023,-,32,53
barman-sat11-strips,pfile06-024,-,26,63
barman-sat11-strips,pfile07-025,-,34,65
barman-sat11-strips,pfile07-026,-,33,65
barman-sat11-strips,pfile07-027,-,27,65
barman-sat11-strips,pfile07-028,-,28,65
barman-sat11-strips,pfile08-029,-,35,68
barman-sat11-strips,pfile08-030,-,29,68
barman-sat11-strips,pfile08-031,-,34,68
barman-sat11-strips,pfile08-032,-,35,68
barman-sat11-strips,pfile09-033,-,29,71
barman-sat11-strips,pfile09-034,-,36,70
barman-sat11-strips,pfile09-035,-,35,70
barman-sat11-strips,pfile09-036,-,55,70
barman-sat11-strips,pfile10-037,-,36,70
barman-sat11-strips,pfile10-038,-,40,70
barman-sat11-strips,pfile10-039,-,65,71
barman-sat11-strips,pfile10-040,-,58,71
barman-sat11-strips,pfile06-021,-,33,64
barman-sat11-strips,pfile06-022,-,30,63
barman-sat11-strips,pfile06-023,-,32,53
barman-sat11-strips,pfile06-024,-,26,63
barman-sat11-strips,pfile07-025,-,34,65
barman-sat11-strips,pfile07-026,-,33,65
barman-sat11-strips,pfile07-027,-,27,65
barman-sat11-strips,pfile07-028,-,28,65
barman-sat11-strips,pfile08-029,-,35,68
barman-sat11-strips,pfile08-030,-,29,68
barman-sat11-strips,pfile08-031,-,34,68
barman-sat11-strips,pfile08-032,-,35,68
barman-sat11-strips,pfile09-033,-,29,71
barman-sat11-strips,pfile09-034,-,36,70
barman-sat11-strips,pfile09-035,-,35,70
barman-sat11-strips,pfile09-036,-,55,70
barman-sat11-strips,pfile10-037,-,36,70
barman-sat11-strips,pfile10-038,-,40,70
barman-sat11-strips,pfile10-039,-,65,71
barman-sat11-strips,pfile10-040,-,58,71
blocks,probBLOCKS-10-0,18.0,-,-
blocks,probBLOCKS-10-1,19.0,-,-
blocks,probBLOCKS-10-2,19.0,-,-
blocks,probBLOCKS-11-0,19.0,-,-
blocks,probBLOCKS-11-1,21.0,-,-
blocks,probBLOCKS-11-2,19.0,-,-
blocks,probBLOCKS-12-0,22.0,-,-
blocks,probBLOCKS-12-1,22.0,-,-
blocks,probBLOCKS-13-0,24.0,-,-
blocks,probBLOCKS-13-1,25.0,-,-
blocks,probBLOCKS-14-0,25.0,-,-
blocks,probBLOCKS-14-1,27.0,-,-
blocks,probBLOCKS-15-0,28.0,-,-
blocks,probBLOCKS-15-1,28.0,-,-
blocks,probBLOCKS-16-1,31.0,-,-
blocks,probBLOCKS-16-2,28.0,-,-
blocks,probBLOCKS-17-0,33.0,-,-
blocks,probBLOCKS-4-0,6.0,-,-
blocks,probBLOCKS-4-1,6.0,-,-
blocks,probBLOCKS-4-2,6.0,-,-
blocks,probBLOCKS-5-0,8.0,-,-
blocks,probBLOCKS-5-1,7.0,-,-
blocks,probBLOCKS-5-2,9.0,-,-
blocks,probBLOCKS-6-0,11.0,-,-
blocks,probBLOCKS-6-1,10.0,-,-
blocks,probBLOCKS-6-2,11.0,-,-
blocks,probBLOCKS-7-0,13.0,-,-
blocks,probBLOCKS-7-1,12.0,-,-
blocks,probBLOCKS-7-2,12.0,-,-
blocks,probBLOCKS-8-0,13.0,-,-
blocks,probBLOCKS-8-1,13.0,-,-
blocks,probBLOCKS-8-2,14.0,-,-
blocks,probBLOCKS-9-0,16.0,-,-
blocks,probBLOCKS-9-1,16.0,-,-
blocks,probBLOCKS-9-2,17.0,-,-
blocks,probBLOCKS-10-0,18.0,-,-
blocks,probBLOCKS-10-1,19.0,-,-
blocks,probBLOCKS-10-2,19.0,-,-
blocks,probBLOCKS-11-0,19.0,-,-
blocks,probBLOCKS-11-1,21.0,-,-
blocks,probBLOCKS-11-2,19.0,-,-
blocks,probBLOCKS-12-0,22.0,-,-
blocks,probBLOCKS-12-1,22.0,-,-
blocks,probBLOCKS-13-0,24.0,-,-
blocks,probBLOCKS-13-1,25.0,-,-
blocks,probBLOCKS-14-0,25.0,-,-
blocks,probBLOCKS-14-1,27.0,-,-
blocks,probBLOCKS-15-0,28.0,-,-
blocks,probBLOCKS-15-1,28.0,-,-
blocks,probBLOCKS-16-1,31.0,-,-
blocks,probBLOCKS-16-2,28.0,-,-
blocks,probBLOCKS-17-0,33.0,-,-
blocks,probBLOCKS-4-0,6.0,-,-
blocks,probBLOCKS-4-1,6.0,-,-
blocks,probBLOCKS-4-2,6.0,-,-
blocks,probBLOCKS-5-0,8.0,-,-
blocks,probBLOCKS-5-1,7.0,-,-
blocks,probBLOCKS-5-2,9.0,-,-
blocks,probBLOCKS-6-0,11.0,-,-
blocks,probBLOCKS-6-1,10.0,-,-
blocks,probBLOCKS-6-2,11.0,-,-
blocks,probBLOCKS-7-0,13.0,-,-
blocks,probBLOCKS-7-1,12.0,-,-
blocks,probBLOCKS-7-2,12.0,-,-
blocks,probBLOCKS-8-0,13.0,-,-
blocks,probBLOCKS-8-1,13.0,-,-
blocks,probBLOCKS-8-2,14.0,-,-
blocks,probBLOCKS-9-0,16.0,-,-
blocks,probBLOCKS-9-1,16.0,-,-
blocks,probBLOCKS-9-2,17.0,-,-
depot,pfile1,10.0,-,-
depot,pfile10,22.0,-,-
depot,pfile11,-,38,41
depot,pfile12,-,43,45
depot,pfile13,24.0,-,-
depot,pfile14,23.0,-,-
depot,pfile15,-,41,49
depot,pfile16,24.0,-,-
depot,pfile17,22.0,-,-
depot,pfile18,-,38,49
depot,pfile19,32.0,-,-
depot,pfile2,14.0,-,-
depot,pfile20,-,36,58
depot,pfile21,32.0,-,-
depot,pfile22,-,65,80
depot,pfile3,22.0,-,-
depot,pfile4,17.0,-,-
depot,pfile5,33.0,-,-
depot,pfile6,42.0,-,-
depot,pfile7,18.0,-,-
depot,pfile8,27.0,-,-
depot,pfile9,44.0,-,-
depot,pfile1,10.0,-,-
depot,pfile10,22.0,-,-
depot,pfile11,-,38,41
depot,pfile12,-,43,45
depot,pfile13,24.0,-,-
depot,pfile14,23.0,-,-
depot,pfile15,-,41,49
depot,pfile16,24.0,-,-
depot,pfile17,22.0,-,-
depot,pfile18,-,38,49
depot,pfile19,32.0,-,-
depot,pfile2,14.0,-,-
depot,pfile20,-,36,58
depot,pfile21,32.0,-,-
depot,pfile22,-,65,80
depot,pfile3,22.0,-,-
depot,pfile4,17.0,-,-
depot,pfile5,33.0,-,-
depot,pfile6,42.0,-,-
depot,pfile7,18.0,-,-
depot,pfile8,27.0,-,-
depot,pfile9,44.0,-,-
driverlog,pfile1,6.0,-,-
driverlog,pfile10,16.0,-,-
driverlog,pfile11,18.0,-,-
driverlog,pfile12,24.0,-,-
driverlog,pfile13,21.0,-,-
driverlog,pfile14,25.0,-,-
driverlog,pfile15,30.0,-,-
driverlog,pfile16,-,43,53
driverlog,pfile17,-,50,60
driverlog,pfile18,-,52,63
driverlog,pfile19,-,70,87
driverlog,pfile2,14.0,-,-
driverlog,pfile20,-,65,80
driverlog,pfile3,11.0,-,-
driverlog,pfile4,12.0,-,-
driverlog,pfile5,15.0,-,-
driverlog,pfile6,10.0,-,-
driverlog,pfile7,12.0,-,-
driverlog,pfile8,15.0,-,-
driverlog,pfile9,18.0,-,-
driverlog,pfile1,6.0,-,-
driverlog,pfile10,16.0,-,-
driverlog,pfile11,18.0,-,-
driverlog,pfile12,24.0,-,-
driverlog,pfile13,21.0,-,-
driverlog,pfile14,25.0,-,-
driverlog,pfile15,30.0,-,-
driverlog,pfile16,-,43,53
driverlog,pfile17,-,50,60
driverlog,pfile18,-,52,63
driverlog,pfile19,-,70,87
driverlog,pfile2,14.0,-,-
driverlog,pfile20,-,65,80
driverlog,pfile3,11.0,-,-
driverlog,pfile4,12.0,-,-
driverlog,pfile5,15.0,-,-
driverlog,pfile6,10.0,-,-
driverlog,pfile7,12.0,-,-
driverlog,pfile8,15.0,-,-
driverlog,pfile9,18.0,-,-
elevators-opt08-strips,p01,32.0,-,-
elevators-opt08-strips,p02,26.0,-,-
elevators-opt08-strips,p03,38.0,-,-
elevators-opt08-strips,p04,36.0,-,-
elevators-opt08-strips,p05,38.0,-,-
elevators-opt08-strips,p06,38.0,-,-
elevators-opt08-strips,p07,38.0,-,-
elevators-opt08-strips,p08,33.0,-,-
elevators-opt08-strips,p09,48.0,-,-
elevators-opt08-strips,p10,48.0,-,-
elevators-opt08-strips,p11,41.0,-,-
elevators-opt08-strips,p12,38.0,-,-
elevators-opt08-strips,p13,47.0,-,-
elevators-opt08-strips,p14,41.0,-,-
elevators-opt08-strips,p15,44.0,-,-
elevators-opt08-strips,p16,51.0,-,-
elevators-opt08-strips,p17,57.0,-,-
elevators-opt08-strips,p18,44.0,-,-
elevators-opt08-strips,p19,57.0,-,-
elevators-opt08-strips,p20,51.0,-,-
elevators-opt08-strips,p21,34.0,-,-
elevators-opt08-strips,p22,40.0,-,-
elevators-opt08-strips,p23,46.0,-,-
elevators-opt08-strips,p24,49.0,-,-
elevators-opt08-strips,p25,45.0,-,-
elevators-opt08-strips,p26,39.0,-,-
elevators-opt08-strips,p27,56.0,-,-
elevators-opt08-strips,p28,51.0,-,-
elevators-opt08-strips,p29,57.0,-,-
elevators-opt08-strips,p30,57.0,-,-
elevators-opt08-strips,p01,32.0,-,-
elevators-opt08-strips,p02,26.0,-,-
elevators-opt08-strips,p03,38.0,-,-
elevators-opt08-strips,p04,36.0,-,-
elevators-opt08-strips,p05,38.0,-,-
elevators-opt08-strips,p06,38.0,-,-
elevators-opt08-strips,p07,38.0,-,-
elevators-opt08-strips,p08,33.0,-,-
elevators-opt08-strips,p09,48.0,-,-
elevators-opt08-strips,p10,48.0,-,-
elevators-opt08-strips,p11,41.0,-,-
elevators-opt08-strips,p12,38.0,-,-
elevators-opt08-strips,p13,47.0,-,-
elevators-opt08-strips,p14,41.0,-,-
elevators-opt08-strips,p15,44.0,-,-
elevators-opt08-strips,p16,51.0,-,-
elevators-opt08-strips,p17,57.0,-,-
elevators-opt08-strips,p18,44.0,-,-
elevators-opt08-strips,p19,57.0,-,-
elevators-opt08-strips,p20,51.0,-,-
elevators-opt08-strips,p21,34.0,-,-
elevators-opt08-strips,p22,40.0,-,-
elevators-opt08-strips,p23,46.0,-,-
elevators-opt08-strips,p24,49.0,-,-
elevators-opt08-strips,p25,45.0,-,-
elevators-opt08-strips,p26,39.0,-,-
elevators-opt08-strips,p27,56.0,-,-
elevators-opt08-strips,p28,51.0,-,-
elevators-opt08-strips,p29,57.0,-,-
elevators-opt08-strips,p30,57.0,-,-
elevators-opt11-strips,p01,41.0,-,-
elevators-opt11-strips,p02,34.0,-,-
elevators-opt11-strips,p03,38.0,-,-
elevators-opt11-strips,p04,38.0,-,-
elevators-opt11-strips,p05,47.0,-,-
elevators-opt11-strips,p06,36.0,-,-
elevators-opt11-strips,p07,39.0,-,-
elevators-opt11-strips,p08,38.0,-,-
elevators-opt11-strips,p09,40.0,-,-
elevators-opt11-strips,p10,41.0,-,-
elevators-opt11-strips,p11,51.0,-,-
elevators-opt11-strips,p12,38.0,-,-
elevators-opt11-strips,p13,38.0,-,-
elevators-opt11-strips,p14,33.0,-,-
elevators-opt11-strips,p15,48.0,-,-
elevators-opt11-strips,p16,44.0,-,-
elevators-opt11-strips,p17,57.0,-,-
elevators-opt11-strips,p18,44.0,-,-
elevators-opt11-strips,p19,46.0,-,-
elevators-opt11-strips,p20,49.0,-,-
elevators-opt11-strips,p01,41.0,-,-
elevators-opt11-strips,p02,34.0,-,-
elevators-opt11-strips,p03,38.0,-,-
elevators-opt11-strips,p04,38.0,-,-
elevators-opt11-strips,p05,47.0,-,-
elevators-opt11-strips,p06,36.0,-,-
elevators-opt11-strips,p07,39.0,-,-
elevators-opt11-strips,p08,38.0,-,-
elevators-opt11-strips,p09,40.0,-,-
elevators-opt11-strips,p10,41.0,-,-
elevators-opt11-strips,p11,51.0,-,-
elevators-opt11-strips,p12,38.0,-,-
elevators-opt11-strips,p13,38.0,-,-
elevators-opt11-strips,p14,33.0,-,-
elevators-opt11-strips,p15,48.0,-,-
elevators-opt11-strips,p16,44.0,-,-
elevators-opt11-strips,p17,57.0,-,-
elevators-opt11-strips,p18,44.0,-,-
elevators-opt11-strips,p19,46.0,-,-
elevators-opt11-strips,p20,49.0,-,-
elevators-sat08-strips,p01,42.0,-,-
elevators-sat08-strips,p02,37.0,-,-
elevators-sat08-strips,p03,43.0,-,-
elevators-sat08-strips,p04,48.0,-,-
elevators-sat08-strips,p05,43.0,-,-
elevators-sat08-strips,p06,48.0,-,-
elevators-sat08-strips,p07,48.0,-,-
elevators-sat08-strips,p08,48.0,-,-
elevators-sat08-strips,p09,48.0,-,-
elevators-sat08-strips,p10,43.0,-,-
elevators-sat08-strips,p11,64.0,-,-
elevators-sat08-strips,p12,81.0,-,-
elevators-sat08-strips,p13,-,67,82
elevators-sat08-strips,p14,85.0,-,-
elevators-sat08-strips,p15,-,76,93
elevators-sat08-strips,p16,81.0,-,-
elevators-sat08-strips,p17,-,79,92
elevators-sat08-strips,p18,-,72,95
elevators-sat08-strips,p19,-,86,102
elevators-sat08-strips,p20,-,74,97
elevators-sat08-strips,p21,-,77,106
elevators-sat08-strips,p22,-,100,127
elevators-sat08-strips,p23,-,88,119
elevators-sat08-strips,p24,-,91,128
elevators-sat08-strips,p25,-,116,138
elevators-sat08-strips,p26,-,100,203
elevators-sat08-strips,p27,-,90,132
elevators-sat08-strips,p28,-,100,159
elevators-sat08-strips,p29,-,104,177
elevators-sat08-strips,p30,-,121,145
elevators-sat08-strips,p01,42.0,-,-
elevators-sat08-strips,p02,37.0,-,-
elevators-sat08-strips,p03,43.0,-,-
elevators-sat08-strips,p04,48.0,-,-
elevators-sat08-strips,p05,43.0,-,-
elevators-sat08-strips,p06,48.0,-,-
elevators-sat08-strips,p07,48.0,-,-
elevators-sat08-strips,p08,48.0,-,-
elevators-sat08-strips,p09,48.0,-,-
elevators-sat08-strips,p10,43.0,-,-
elevators-sat08-strips,p11,64.0,-,-
elevators-sat08-strips,p12,81.0,-,-
elevators-sat08-strips,p13,-,67,82
elevators-sat08-strips,p14,85.0,-,-
elevators-sat08-strips,p15,-,76,93
elevators-sat08-strips,p16,81.0,-,-
elevators-sat08-strips,p17,-,79,92
elevators-sat08-strips,p18,-,72,95
elevators-sat08-strips,p19,-,86,102
elevators-sat08-strips,p20,-,74,97
elevators-sat08-strips,p21,-,77,106
elevators-sat08-strips,p22,-,100,127
elevators-sat08-strips,p23,-,88,119
elevators-sat08-strips,p24,-,91,128
elevators-sat08-strips,p25,-,116,138
elevators-sat08-strips,p26,-,100,203
elevators-sat08-strips,p27,-,90,132
elevators-sat08-strips,p28,-,100,159
elevators-sat08-strips,p29,-,104,177
elevators-sat08-strips,p30,-,121,145
elevators-sat11-strips,p01,85.0,-,-
elevators-sat11-strips,p02,-,91,124
elevators-sat11-strips,p03,-,105,200
elevators-sat11-strips,p04,-,75,98
elevators-sat11-strips,p05,-,72,91
elevators-sat11-strips,p06,-,96,135
elevators-sat11-strips,p07,-,116,136
elevators-sat11-strips,p08,-,102,159
elevators-sat11-strips,p09,-,105,173
elevators-sat11-strips,p10,-,122,143
elevators-sat11-strips,p11,-,106,147
elevators-sat11-strips,p12,-,92,135
elevators-sat11-strips,p13,-,95,160
elevators-sat11-strips,p14,-,110,225
elevators-sat11-strips,p15,-,97,170
elevators-sat11-strips,p16,-,163,243
elevators-sat11-strips,p17,-,186,243
elevators-sat11-strips,p18,-,167,244
elevators-sat11-strips,p19,-,194,240
elevators-sat11-strips,p20,-,187,247
elevators-sat11-strips,p01,85.0,-,-
elevators-sat11-strips,p02,-,91,124
elevators-sat11-strips,p03,-,105,200
elevators-sat11-strips,p04,-,75,98
elevators-sat11-strips,p05,-,72,91
elevators-sat11-strips,p06,-,96,135
elevators-sat11-strips,p07,-,116,136
elevators-sat11-strips,p08,-,102,159
elevators-sat11-strips,p09,-,105,173
elevators-sat11-strips,p10,-,122,143
elevators-sat11-strips,p11,-,106,147
elevators-sat11-strips,p12,-,92,135
elevators-sat11-strips,p13,-,95,160
elevators-sat11-strips,p14,-,110,225
elevators-sat11-strips,p15,-,97,170
elevators-sat11-strips,p16,-,163,243
elevators-sat11-strips,p17,-,186,243
elevators-sat11-strips,p18,-,167,244
elevators-sat11-strips,p19,-,194,240
elevators-sat11-strips,p20,-,187,247
floortile-opt11-strips,opt-p01-001,28.0,-,-
floortile-opt11-strips,opt-p01-002,25.0,-,-
floortile-opt11-strips,opt-p02-003,42.0,-,-
floortile-opt11-strips,opt-p02-004,34.0,-,-
floortile-opt11-strips,opt-p03-005,42.0,-,-
floortile-opt11-strips,opt-p03-006,43.0,-,-
floortile-opt11-strips,opt-p04-007,45.0,-,-
floortile-opt11-strips,opt-p04-008,49.0,-,-
floortile-opt11-strips,opt-p05-009,56.0,-,-
floortile-opt11-strips,opt-p05-010,57.0,-,-
floortile-opt11-strips,opt-p06-011,70.0,-,-
floortile-opt11-strips,opt-p06-012,68.0,-,-
floortile-opt11-strips,opt-p07-013,71.0,-,-
floortile-opt11-strips,opt-p07-014,69.0,-,-
floortile-opt11-strips,opt-p08-015,-,78,91
floortile-opt11-strips,opt-p08-016,-,83,86
floortile-opt11-strips,opt-p09-017,-,89,98
floortile-opt11-strips,opt-p09-018,-,89,101
floortile-opt11-strips,opt-p10-019,-,98,105
floortile-opt11-strips,opt-p10-020,-,96,108
floortile-opt11-strips,opt-p01-001,28.0,-,-
floortile-opt11-strips,opt-p01-002,25.0,-,-
floortile-opt11-strips,opt-p02-003,42.0,-,-
floortile-opt11-strips,opt-p02-004,34.0,-,-
floortile-opt11-strips,opt-p03-005,42.0,-,-
floortile-opt11-strips,opt-p03-006,43.0,-,-
floortile-opt11-strips,opt-p04-007,45.0,-,-
floortile-opt11-strips,opt-p04-008,49.0,-,-
floortile-opt11-strips,opt-p05-009,56.0,-,-
floortile-opt11-strips,opt-p05-010,57.0,-,-
floortile-opt11-strips,opt-p06-011,70.0,-,-
floortile-opt11-strips,opt-p06-012,68.0,-,-
floortile-opt11-strips,opt-p07-013,71.0,-,-
floortile-opt11-strips,opt-p07-014,69.0,-,-
floortile-opt11-strips,opt-p08-015,-,78,91
floortile-opt11-strips,opt-p08-016,-,83,86
floortile-opt11-strips,opt-p09-017,-,89,98
floortile-opt11-strips,opt-p09-018,-,89,101
floortile-opt11-strips,opt-p10-019,-,98,105
floortile-opt11-strips,opt-p10-020,-,96,108
floortile-sat11-strips,seq-p01-001,33.0,-,-
floortile-sat11-strips,seq-p01-002,35.0,-,-
floortile-sat11-strips,seq-p02-003,44.0,-,-
floortile-sat11-strips,seq-p02-004,50.0,-,-
floortile-sat11-strips,seq-p03-005,44.0,-,-
floortile-sat11-strips,seq-p03-006,45.0,-,-
floortile-sat11-strips,seq-p04-007,56.0,-,-
floortile-sat11-strips,seq-p04-008,56.0,-,-
floortile-sat11-strips,seq-p05-009,68.0,-,-
floortile-sat11-strips,seq-p05-010,68.0,-,-
floortile-sat11-strips,seq-p06-011,-,66,70
floortile-sat11-strips,seq-p06-012,73.0,-,-
floortile-sat11-strips,seq-p07-013,-,82,88
floortile-sat11-strips,seq-p07-014,-,83,87
floortile-sat11-strips,seq-p08-015,-,95,107
floortile-sat11-strips,seq-p08-016,-,95,102
floortile-sat11-strips,seq-p09-017,-,105,116
floortile-sat11-strips,seq-p09-018,-,108,122
floortile-sat11-strips,seq-p10-019,-,126,143
floortile-sat11-strips,seq-p10-020,-,124,145
floortile-sat11-strips,seq-p01-001,33.0,-,-
floortile-sat11-strips,seq-p01-002,35.0,-,-
floortile-sat11-strips,seq-p02-003,44.0,-,-
floortile-sat11-strips,seq-p02-004,50.0,-,-
floortile-sat11-strips,seq-p03-005,44.0,-,-
floortile-sat11-strips,seq-p03-006,45.0,-,-
floortile-sat11-strips,seq-p04-007,56.0,-,-
floortile-sat11-strips,seq-p04-008,56.0,-,-
floortile-sat11-strips,seq-p05-009,68.0,-,-
floortile-sat11-strips,seq-p05-010,68.0,-,-
floortile-sat11-strips,seq-p06-011,-,66,70
floortile-sat11-strips,seq-p06-012,73.0,-,-
floortile-sat11-strips,seq-p07-013,-,82,88
floortile-sat11-strips,seq-p07-014,-,83,87
floortile-sat11-strips,seq-p08-015,-,95,107
floortile-sat11-strips,seq-p08-016,-,95,102
floortile-sat11-strips,seq-p09-017,-,105,116
floortile-sat11-strips,seq-p09-018,-,108,122
floortile-sat11-strips,seq-p10-019,-,126,143
floortile-sat11-strips,seq-p10-020,-,124,145
freecell,pfile1,8.0,-,-
freecell,pfile10,-,18,65
freecell,pfile11,-,19,65
freecell,pfile12,-,18,66
freecell,pfile13,-,20,73
freecell,pfile14,-,19,72
freecell,pfile15,-,22,80
freecell,pfile16,-,20,80
freecell,pfile17,-,22,88
freecell,pfile18,-,23,88
freecell,pfile19,-,26,96
freecell,pfile2,-,11,14
freecell,pfile20,-,24,96
freecell,pfile3,-,12,22
freecell,pfile4,-,16,29
freecell,pfile5,-,16,38
freecell,pfile6,-,16,47
freecell,pfile7,-,19,47
freecell,pfile8,-,19,54
freecell,pfile9,-,20,49
freecell,probfreecell-10-1,-,19,70
freecell,probfreecell-10-2,-,19,72
freecell,probfreecell-10-3,-,18,70
freecell,probfreecell-10-4,-,19,72
freecell,probfreecell-10-5,-,20,68
freecell,probfreecell-11-1,-,20,80
freecell,probfreecell-11-2,-,20,80
freecell,probfreecell-11-3,-,19,79
freecell,probfreecell-11-4,-,20,80
freecell,probfreecell-11-5,-,21,78
freecell,probfreecell-12-1,-,22,88
freecell,probfreecell-12-2,-,21,88
freecell,probfreecell-12-3,-,20,85
freecell,probfreecell-12-4,-,22,83
freecell,probfreecell-12-5,-,24,87
freecell,probfreecell-13-1,-,23,96
freecell,probfreecell-13-2,-,23,96
freecell,probfreecell-13-3,-,22,96
freecell,probfreecell-13-4,-,23,96
freecell,probfreecell-13-5,-,26,94
freecell,probfreecell-2-1,9.0,-,-
freecell,probfreecell-2-2,8.0,-,-
freecell,probfreecell-2-3,8.0,-,-
freecell,probfreecell-2-4,8.0,-,-
freecell,probfreecell-2-5,9.0,-,-
freecell,probfreecell-3-1,-,9,15
freecell,probfreecell-3-2,-,9,14
freecell,probfreecell-3-3,-,9,12
freecell,probfreecell-3-4,-,9,12
freecell,probfreecell-3-5,-,9,15
freecell,probfreecell-4-1,-,11,22
freecell,probfreecell-4-2,-,10,20
freecell,probfreecell-4-3,-,11,20
freecell,probfreecell-4-4,-,10,22
freecell,probfreecell-4-5,-,10,20
freecell,probfreecell-5-1,-,12,30
freecell,probfreecell-5-2,-,11,25
freecell,probfreecell-5-3,-,12,29
freecell,probfreecell-5-4,-,11,25
freecell,probfreecell-5-5,-,13,30
freecell,probfreecell-6-1,-,14,37
freecell,probfreecell-6-2,-,12,34
freecell,probfreecell-6-3,-,13,36
freecell,probfreecell-6-4,-,13,38
freecell,probfreecell-6-5,-,14,34
freecell,probfreecell-7-1,-,15,47
freecell,probfreecell-7-2,-,14,48
freecell,probfreecell-7-3,-,14,45
freecell,probfreecell-7-4,-,15,42
freecell,probfreecell-7-5,-,15,46
freecell,probfreecell-8-1,-,16,55
freecell,probfreecell-8-2,-,16,54
freecell,probfreecell-8-3,-,15,56
freecell,probfreecell-8-4,-,16,54
freecell,probfreecell-8-5,-,16,51
freecell,probfreecell-9-1,-,17,61
freecell,probfreecell-9-2,-,17,64
freecell,probfreecell-9-3,-,17,59
freecell,probfreecell-9-4,-,17,61
freecell,probfreecell-9-5,-,18,62
freecell,pfile1,8.0,-,-
freecell,pfile10,-,18,65
freecell,pfile11,-,19,65
freecell,pfile12,-,18,66
freecell,pfile13,-,20,73
freecell,pfile14,-,19,72
freecell,pfile15,-,22,80
freecell,pfile16,-,20,80
freecell,pfile17,-,22,88
freecell,pfile18,-,23,88
freecell,pfile19,-,26,96
freecell,pfile2,-,11,14
freecell,pfile20,-,24,96
freecell,pfile3,-,12,22
freecell,pfile4,-,16,29
freecell,pfile5,-,16,38
freecell,pfile6,-,16,47
freecell,pfile7,-,19,47
freecell,pfile8,-,19,54
freecell,pfile9,-,20,49
freecell,probfreecell-10-1,-,19,70
freecell,probfreecell-10-2,-,19,72
freecell,probfreecell-10-3,-,18,70
freecell,probfreecell-10-4,-,19,72
freecell,probfreecell-10-5,-,20,68
freecell,probfreecell-11-1,-,20,80
freecell,probfreecell-11-2,-,20,80
freecell,probfreecell-11-3,-,19,79
freecell,probfreecell-11-4,-,20,80
freecell,probfreecell-11-5,-,21,78
freecell,probfreecell-12-1,-,22,88
freecell,probfreecell-12-2,-,21,88
freecell,probfreecell-12-3,-,20,85
freecell,probfreecell-12-4,-,22,83
freecell,probfreecell-12-5,-,24,87
freecell,probfreecell-13-1,-,23,96
freecell,probfreecell-13-2,-,23,96
freecell,probfreecell-13-3,-,22,96
freecell,probfreecell-13-4,-,23,96
freecell,probfreecell-13-5,-,26,94
freecell,probfreecell-2-1,9.0,-,-
freecell,probfreecell-2-2,8.0,-,-
freecell,probfreecell-2-3,8.0,-,-
freecell,probfreecell-2-4,8.0,-,-
freecell,probfreecell-2-5,9.0,-,-
freecell,probfreecell-3-1,-,9,15
freecell,probfreecell-3-2,-,9,14
freecell,probfreecell-3-3,-,9,12
freecell,probfreecell-3-4,-,9,12
freecell,probfreecell-3-5,-,9,15
freecell,probfreecell-4-1,-,11,22
freecell,probfreecell-4-2,-,10,20
freecell,probfreecell-4-3,-,11,20
freecell,probfreecell-4-4,-,10,22
freecell,probfreecell-4-5,-,10,20
freecell,probfreecell-5-1,-,12,30
freecell,probfreecell-5-2,-,11,25
freecell,probfreecell-5-3,-,12,29
freecell,probfreecell-5-4,-,11,25
freecell,probfreecell-5-5,-,13,30
freecell,probfreecell-6-1,-,14,37
freecell,probfreecell-6-2,-,12,34
freecell,probfreecell-6-3,-,13,36
freecell,probfreecell-6-4,-,13,38
freecell,probfreecell-6-5,-,14,34
freecell,probfreecell-7-1,-,15,47
freecell,probfreecell-7-2,-,14,48
freecell,probfreecell-7-3,-,14,45
freecell,probfreecell-7-4,-,15,42
freecell,probfreecell-7-5,-,15,46
freecell,probfreecell-8-1,-,16,55
freecell,probfreecell-8-2,-,16,54
freecell,probfreecell-8-3,-,15,56
freecell,probfreecell-8-4,-,16,54
freecell,probfreecell-8-5,-,16,51
freecell,probfreecell-9-1,-,17,61
freecell,probfreecell-9-2,-,17,64
freecell,probfreecell-9-3,-,17,59
freecell,probfreecell-9-4,-,17,61
freecell,probfreecell-9-5,-,18,62
grid,prob01,10.0,-,-
grid,prob02,20.0,-,-
grid,prob03,26.0,-,-
grid,prob04,23.0,-,-
grid,prob05,-,45,53
grid,prob01,10.0,-,-
grid,prob02,20.0,-,-
grid,prob03,26.0,-,-
grid,prob04,23.0,-,-
grid,prob05,-,45,53
gripper,prob01,9.0,-,-
gripper,prob02,13.0,-,-
gripper,prob03,17.0,-,-
gripper,prob04,21.0,-,-
gripper,prob05,25.0,-,-
gripper,prob06,29.0,-,-
gripper,prob07,33.0,-,-
gripper,prob08,37.0,-,-
gripper,prob09,41.0,-,-
gripper,prob10,45.0,-,-
gripper,prob11,49.0,-,-
gripper,prob12,53.0,-,-
gripper,prob13,57.0,-,-
gripper,prob14,61.0,-,-
gripper,prob15,65.0,-,-
gripper,prob16,69.0,-,-
gripper,prob17,73.0,-,-
gripper,prob18,77.0,-,-
gripper,prob19,81.0,-,-
gripper,prob20,85.0,-,-
gripper,prob01,9.0,-,-
gripper,prob02,13.0,-,-
gripper,prob03,17.0,-,-
gripper,prob04,21.0,-,-
gripper,prob05,25.0,-,-
gripper,prob06,29.0,-,-
gripper,prob07,33.0,-,-
gripper,prob08,37.0,-,-
gripper,prob09,41.0,-,-
gripper,prob10,45.0,-,-
gripper,prob11,49.0,-,-
gripper,prob12,53.0,-,-
gripper,prob13,57.0,-,-
gripper,prob14,61.0,-,-
gripper,prob15,65.0,-,-
gripper,prob16,69.0,-,-
gripper,prob17,73.0,-,-
gripper,prob18,77.0,-,-
gripper,prob19,81.0,-,-
gripper,prob20,85.0,-,-
logistics00,probLOGISTICS-10-0,41.0,-,-
logistics00,probLOGISTICS-10-1,39.0,-,-
logistics00,probLOGISTICS-11-0,45.0,-,-
logistics00,probLOGISTICS-11-1,55.0,-,-
logistics00,probLOGISTICS-12-0,39.0,-,-
logistics00,probLOGISTICS-12-1,63.0,-,-
logistics00,probLOGISTICS-13-0,67.0,-,-
logistics00,probLOGISTICS-13-1,57.0,-,-
logistics00,probLOGISTICS-14-0,55.0,-,-
logistics00,probLOGISTICS-14-1,67.0,-,-
logistics00,probLOGISTICS-15-0,71.0,-,-
logistics00,probLOGISTICS-15-1,63.0,-,-
logistics00,probLOGISTICS-4-0,19.0,-,-
logistics00,probLOGISTICS-4-1,17.0,-,-
logistics00,probLOGISTICS-4-2,13.0,-,-
logistics00,probLOGISTICS-5-0,25.0,-,-
logistics00,probLOGISTICS-5-1,15.0,-,-
logistics00,probLOGISTICS-5-2,8.0,-,-
logistics00,probLOGISTICS-6-0,23.0,-,-
logistics00,probLOGISTICS-6-1,13.0,-,-
logistics00,probLOGISTICS-6-2,23.0,-,-
logistics00,probLOGISTICS-6-9,21.0,-,-
logistics00,probLOGISTICS-7-0,33.0,-,-
logistics00,probLOGISTICS-7-1,39.0,-,-
logistics00,probLOGISTICS-8-0,29.0,-,-
logistics00,probLOGISTICS-8-1,41.0,-,-
logistics00,probLOGISTICS-9-0,33.0,-,-
logistics00,probLOGISTICS-9-1,29.0,-,-
logistics00,probLOGISTICS-10-0,41.0,-,-
logistics00,probLOGISTICS-10-1,39.0,-,-
logistics00,probLOGISTICS-11-0,45.0,-,-
logistics00,probLOGISTICS-11-1,55.0,-,-
logistics00,probLOGISTICS-12-0,39.0,-,-
logistics00,probLOGISTICS-12-1,63.0,-,-
logistics00,probLOGISTICS-13-0,67.0,-,-
logistics00,probLOGISTICS-13-1,57.0,-,-
logistics00,probLOGISTICS-14-0,55.0,-,-
logistics00,probLOGISTICS-14-1,67.0,-,-
logistics00,probLOGISTICS-15-0,71.0,-,-
logistics00,probLOGISTICS-15-1,63.0,-,-
logistics00,probLOGISTICS-4-0,19.0,-,-
logistics00,probLOGISTICS-4-1,17.0,-,-
logistics00,probLOGISTICS-4-2,13.0,-,-
logistics00,probLOGISTICS-5-0,25.0,-,-
logistics00,probLOGISTICS-5-1,15.0,-,-
logistics00,probLOGISTICS-5-2,8.0,-,-
logistics00,probLOGISTICS-6-0,23.0,-,-
logistics00,probLOGISTICS-6-1,13.0,-,-
logistics00,probLOGISTICS-6-2,23.0,-,-
logistics00,probLOGISTICS-6-9,21.0,-,-
logistics00,probLOGISTICS-7-0,33.0,-,-
logistics00,probLOGISTICS-7-1,39.0,-,-
logistics00,probLOGISTICS-8-0,29.0,-,-
logistics00,probLOGISTICS-8-1,41.0,-,-
logistics00,probLOGISTICS-9-0,33.0,-,-
logistics00,probLOGISTICS-9-1,29.0,-,-
logistics98,prob01,24.0,-,-
logistics98,prob02,28.0,-,-
logistics98,prob03,50.0,-,-
logistics98,prob04,53.0,-,-
logistics98,prob05,22.0,-,-
logistics98,prob06,65.0,-,-
logistics98,prob07,29.0,-,-
logistics98,prob08,37.0,-,-
logistics98,prob09,-,74,75
logistics98,prob10,-,92,93
logistics98,prob11,27.0,-,-
logistics98,prob12,37.0,-,-
logistics98,prob13,65.0,-,-
logistics98,prob14,-,80,83
logistics98,prob15,-,81,84
logistics98,prob16,-,51,52
logistics98,prob17,-,40,42
logistics98,prob18,-,150,153
logistics98,prob19,-,126,135
logistics98,prob20,-,127,130
logistics98,prob21,-,94,96
logistics98,prob22,-,247,257
logistics98,prob23,-,99,102
logistics98,prob24,-,38,39
logistics98,prob25,-,173,177
logistics98,prob26,175.0,-,-
logistics98,prob27,-,133,136
logistics98,prob28,-,241,251
logistics98,prob29,-,270,284
logistics98,prob30,-,123,125
logistics98,prob31,12.0,-,-
logistics98,prob32,18.0,-,-
logistics98,prob33,25.0,-,-
logistics98,prob34,42.0,-,-
logistics98,prob35,29.0,-,-
logistics98,prob01,24.0,-,-
logistics98,prob02,28.0,-,-
logistics98,prob03,50.0,-,-
logistics98,prob04,53.0,-,-
logistics98,prob05,22.0,-,-
logistics98,prob06,65.0,-,-
logistics98,prob07,29.0,-,-
logistics98,prob08,37.0,-,-
logistics98,prob09,-,74,75
logistics98,prob10,-,92,93
logistics98,prob11,27.0,-,-
logistics98,prob12,37.0,-,-
logistics98,prob13,65.0,-,-
logistics98,prob14,-,80,83
logistics98,prob15,-,81,84
logistics98,prob16,-,51,52
logistics98,prob17,-,40,42
logistics98,prob18,-,150,153
logistics98,prob19,-,126,135
logistics98,prob20,-,127,130
logistics98,prob21,-,94,96
logistics98,prob22,-,247,257
logistics98,prob23,-,99,102
logistics98,prob24,-,38,39
logistics98,prob25,-,173,177
logistics98,prob26,175.0,-,-
logistics98,prob27,-,133,136
logistics98,prob28,-,241,251
logistics98,prob29,-,270,284
logistics98,prob30,-,123,125
logistics98,prob31,12.0,-,-
logistics98,prob32,18.0,-,-
logistics98,prob33,25.0,-,-
logistics98,prob34,42.0,-,-
logistics98,prob35,29.0,-,-
miconic,s1-0,3.0,-,-
miconic,s1-1,3.0,-,-
miconic,s1-2,3.0,-,-
miconic,s1-3,3.0,-,-
miconic,s1-4,3.0,-,-
miconic,s10-0,33.0,-,-
miconic,s10-1,32.0,-,-
miconic,s10-2,31.0,-,-
miconic,s10-3,34.0,-,-
miconic,s10-4,32.0,-,-
miconic,s11-0,36.0,-,-
miconic,s11-1,34.0,-,-
miconic,s11-2,37.0,-,-
miconic,s11-3,37.0,-,-
miconic,s11-4,34.0,-,-
miconic,s12-0,40.0,-,-
miconic,s12-1,40.0,-,-
miconic,s12-2,39.0,-,-
miconic,s12-3,38.0,-,-
miconic,s12-4,41.0,-,-
miconic,s13-0,43.0,-,-
miconic,s13-1,41.0,-,-
miconic,s13-2,46.0,-,-
miconic,s13-3,43.0,-,-
miconic,s13-4,41.0,-,-
miconic,s14-0,45.0,-,-
miconic,s14-1,47.0,-,-
miconic,s14-2,49.0,-,-
miconic,s14-3,42.0,-,-
miconic,s14-4,45.0,-,-
miconic,s15-0,46.0,-,-
miconic,s15-1,49.0,-,-
miconic,s15-2,49.0,-,-
miconic,s15-3,50.0,-,-
miconic,s15-4,46.0,-,-
miconic,s16-0,53.0,-,-
miconic,s16-1,52.0,-,-
miconic,s16-2,54.0,-,-
miconic,s16-3,51.0,-,-
miconic,s16-4,53.0,-,-
miconic,s17-0,55.0,-,-
miconic,s17-1,54.0,-,-
miconic,s17-2,54.0,-,-
miconic,s17-3,59.0,-,-
miconic,s17-4,54.0,-,-
miconic,s18-0,59.0,-,-
miconic,s18-1,58.0,-,-
miconic,s18-2,58.0,-,-
miconic,s18-3,59.0,-,-
miconic,s18-4,56.0,-,-
miconic,s19-0,62.0,-,-
miconic,s19-1,65.0,-,-
miconic,s19-2,61.0,-,-
miconic,s19-3,63.0,-,-
miconic,s19-4,62.0,-,-
miconic,s2-0,7.0,-,-
miconic,s2-1,6.0,-,-
miconic,s2-2,6.0,-,-
miconic,s2-3,7.0,-,-
miconic,s2-4,6.0,-,-
miconic,s20-0,63.0,-,-
miconic,s20-1,66.0,-,-
miconic,s20-2,62.0,-,-
miconic,s20-3,63.0,-,-
miconic,s20-4,64.0,-,-
miconic,s21-0,69.0,-,-
miconic,s21-1,69.0,-,-
miconic,s21-2,69.0,-,-
miconic,s21-3,66.0,-,-
miconic,s21-4,70.0,-,-
miconic,s22-0,72.0,-,-
miconic,s22-1,70.0,-,-
miconic,s22-2,71.0,-,-
miconic,s22-3,75.0,-,-
miconic,s22-4,71.0,-,-
miconic,s23-0,75.0,-,-
miconic,s23-1,74.0,-,-
miconic,s23-2,73.0,-,-
miconic,s23-3,71.0,-,-
miconic,s23-4,74.0,-,-
miconic,s24-0,79.0,-,-
miconic,s24-1,78.0,-,-
miconic,s24-2,77.0,-,-
miconic,s24-3,79.0,-,-
miconic,s24-4,77.0,-,-
miconic,s25-0,81.0,-,-
miconic,s25-1,85.0,-,-
miconic,s25-2,78.0,-,-
miconic,s25-3,84.0,-,-
miconic,s25-4,82.0,-,-
miconic,s26-0,83.0,-,-
miconic,s26-1,83.0,-,-
miconic,s26-2,90.0,-,-
miconic,s26-3,88.0,-,-
miconic,s26-4,82.0,-,-
miconic,s27-0,87.0,-,-
miconic,s27-1,91.0,-,-
miconic,s27-2,87.0,-,-
miconic,s27-3,89.0,-,-
miconic,s27-4,88.0,-,-
miconic,s28-0,94.0,-,-
miconic,s28-1,92.0,-,-
miconic,s28-2,93.0,-,-
miconic,s28-3,87.0,-,-
miconic,s28-4,92.0,-,-
miconic,s29-0,94.0,-,-
miconic,s29-1,91.0,-,-
miconic,s29-2,95.0,-,-
miconic,s29-3,96.0,-,-
miconic,s29-4,99.0,-,-
miconic,s3-0,10.0,-,-
miconic,s3-1,10.0,-,-
miconic,s3-2,9.0,-,-
miconic,s3-3,9.0,-,-
miconic,s3-4,9.0,-,-
miconic,s30-0,95.0,-,-
miconic,s30-1,98.0,-,-
miconic,s30-2,96.0,-,-
miconic,s30-3,100.0,-,-
miconic,s30-4,99.0,-,-
miconic,s4-0,14.0,-,-
miconic,s4-1,13.0,-,-
miconic,s4-2,14.0,-,-
miconic,s4-3,14.0,-,-
miconic,s4-4,15.0,-,-
miconic,s5-0,17.0,-,-
miconic,s5-1,16.0,-,-
miconic,s5-2,14.0,-,-
miconic,s5-3,17.0,-,-
miconic,s5-4,17.0,-,-
miconic,s6-0,18.0,-,-
miconic,s6-1,19.0,-,-
miconic,s6-2,19.0,-,-
miconic,s6-3,18.0,-,-
miconic,s6-4,20.0,-,-
miconic,s7-0,23.0,-,-
miconic,s7-1,24.0,-,-
miconic,s7-2,22.0,-,-
miconic,s7-3,22.0,-,-
miconic,s7-4,25.0,-,-
miconic,s8-0,27.0,-,-
miconic,s8-1,26.0,-,-
miconic,s8-2,25.0,-,-
miconic,s8-3,27.0,-,-
miconic,s8-4,26.0,-,-
miconic,s9-0,30.0,-,-
miconic,s9-1,29.0,-,-
miconic,s9-2,29.0,-,-
miconic,s9-3,31.0,-,-
miconic,s9-4,27.0,-,-
miconic,s1-0,3.0,-,-
miconic,s1-1,3.0,-,-
miconic,s1-2,3.0,-,-
miconic,s1-3,3.0,-,-
miconic,s1-4,3.0,-,-
miconic,s10-0,33.0,-,-
miconic,s10-1,32.0,-,-
miconic,s10-2,31.0,-,-
miconic,s10-3,34.0,-,-
miconic,s10-4,32.0,-,-
miconic,s11-0,36.0,-,-
miconic,s11-1,34.0,-,-
miconic,s11-2,37.0,-,-
miconic,s11-3,37.0,-,-
miconic,s11-4,34.0,-,-
miconic,s12-0,40.0,-,-
miconic,s12-1,40.0,-,-
miconic,s12-2,39.0,-,-
miconic,s12-3,38.0,-,-
miconic,s12-4,41.0,-,-
miconic,s13-0,43.0,-,-
miconic,s13-1,41.0,-,-
miconic,s13-2,46.0,-,-
miconic,s13-3,43.0,-,-
miconic,s13-4,41.0,-,-
miconic,s14-0,45.0,-,-
miconic,s14-1,47.0,-,-
miconic,s14-2,49.0,-,-
miconic,s14-3,42.0,-,-
miconic,s14-4,45.0,-,-
miconic,s15-0,46.0,-,-
miconic,s15-1,49.0,-,-
miconic,s15-2,49.0,-,-
miconic,s15-3,50.0,-,-
miconic,s15-4,46.0,-,-
miconic,s16-0,53.0,-,-
miconic,s16-1,52.0,-,-
miconic,s16-2,54.0,-,-
miconic,s16-3,51.0,-,-
miconic,s16-4,53.0,-,-
miconic,s17-0,55.0,-,-
miconic,s17-1,54.0,-,-
miconic,s17-2,54.0,-,-
miconic,s17-3,59.0,-,-
miconic,s17-4,54.0,-,-
miconic,s18-0,59.0,-,-
miconic,s18-1,58.0,-,-
miconic,s18-2,58.0,-,-
miconic,s18-3,59.0,-,-
miconic,s18-4,56.0,-,-
miconic,s19-0,62.0,-,-
miconic,s19-1,65.0,-,-
miconic,s19-2,61.0,-,-
miconic,s19-3,63.0,-,-
miconic,s19-4,62.0,-,-
miconic,s2-0,7.0,-,-
miconic,s2-1,6.0,-,-
miconic,s2-2,6.0,-,-
miconic,s2-3,7.0,-,-
miconic,s2-4,6.0,-,-
miconic,s20-0,63.0,-,-
miconic,s20-1,66.0,-,-
miconic,s20-2,62.0,-,-
miconic,s20-3,63.0,-,-
miconic,s20-4,64.0,-,-
miconic,s21-0,69.0,-,-
miconic,s21-1,69.0,-,-
miconic,s21-2,69.0,-,-
miconic,s21-3,66.0,-,-
miconic,s21-4,70.0,-,-
miconic,s22-0,72.0,-,-
miconic,s22-1,70.0,-,-
miconic,s22-2,71.0,-,-
miconic,s22-3,75.0,-,-
miconic,s22-4,71.0,-,-
miconic,s23-0,75.0,-,-
miconic,s23-1,74.0,-,-
miconic,s23-2,73.0,-,-
miconic,s23-3,71.0,-,-
miconic,s23-4,74.0,-,-
miconic,s24-0,79.0,-,-
miconic,s24-1,78.0,-,-
miconic,s24-2,77.0,-,-
miconic,s24-3,79.0,-,-
miconic,s24-4,77.0,-,-
miconic,s25-0,81.0,-,-
miconic,s25-1,85.0,-,-
miconic,s25-2,78.0,-,-
miconic,s25-3,84.0,-,-
miconic,s25-4,82.0,-,-
miconic,s26-0,83.0,-,-
miconic,s26-1,83.0,-,-
miconic,s26-2,90.0,-,-
miconic,s26-3,88.0,-,-
miconic,s26-4,82.0,-,-
miconic,s27-0,87.0,-,-
miconic,s27-1,91.0,-,-
miconic,s27-2,87.0,-,-
miconic,s27-3,89.0,-,-
miconic,s27-4,88.0,-,-
miconic,s28-0,94.0,-,-
miconic,s28-1,92.0,-,-
miconic,s28-2,93.0,-,-
miconic,s28-3,87.0,-,-
miconic,s28-4,92.0,-,-
miconic,s29-0,94.0,-,-
miconic,s29-1,91.0,-,-
miconic,s29-2,95.0,-,-
miconic,s29-3,96.0,-,-
miconic,s29-4,99.0,-,-
miconic,s3-0,10.0,-,-
miconic,s3-1,10.0,-,-
miconic,s3-2,9.0,-,-
miconic,s3-3,9.0,-,-
miconic,s3-4,9.0,-,-
miconic,s30-0,95.0,-,-
miconic,s30-1,98.0,-,-
miconic,s30-2,96.0,-,-
miconic,s30-3,100.0,-,-
miconic,s30-4,99.0,-,-
miconic,s4-0,14.0,-,-
miconic,s4-1,13.0,-,-
miconic,s4-2,14.0,-,-
miconic,s4-3,14.0,-,-
miconic,s4-4,15.0,-,-
miconic,s5-0,17.0,-,-
miconic,s5-1,16.0,-,-
miconic,s5-2,14.0,-,-
miconic,s5-3,17.0,-,-
miconic,s5-4,17.0,-,-
miconic,s6-0,18.0,-,-
miconic,s6-1,19.0,-,-
miconic,s6-2,19.0,-,-
miconic,s6-3,18.0,-,-
miconic,s6-4,20.0,-,-
miconic,s7-0,23.0,-,-
miconic,s7-1,24.0,-,-
miconic,s7-2,22.0,-,-
miconic,s7-3,22.0,-,-
miconic,s7-4,25.0,-,-
miconic,s8-0,27.0,-,-
miconic,s8-1,26.0,-,-
miconic,s8-2,25.0,-,-
miconic,s8-3,27.0,-,-
miconic,s8-4,26.0,-,-
miconic,s9-0,30.0,-,-
miconic,s9-1,29.0,-,-
miconic,s9-2,29.0,-,-
miconic,s9-3,31.0,-,-
miconic,s9-4,27.0,-,-
mprime,prob01,5.0,-,-
mprime,prob02,7.0,-,-
mprime,prob03,4.0,-,-
mprime,prob04,7.0,-,-
mprime,prob05,8.0,-,-
mprime,prob06,-,7,11
mprime,prob07,5.0,-,-
mprime,prob08,5.0,-,-
mprime,prob09,8.0,-,-
mprime,prob10,7.0,-,-
mprime,prob11,7.0,-,-
mprime,prob12,5.0,-,-
mprime,prob13,11.0,-,-
mprime,prob14,9.0,-,-
mprime,prob15,6.0,-,-
mprime,prob16,5.0,-,-
mprime,prob17,4.0,-,-
mprime,prob18,-,9,14
mprime,prob19,5.0,-,-
mprime,prob20,-,6,7
mprime,prob21,4.0,-,-
mprime,prob22,-,7,9
mprime,prob23,-,7,8
mprime,prob24,6.0,-,-
mprime,prob25,4.0,-,-
mprime,prob26,6.0,-,-
mprime,prob27,5.0,-,-
mprime,prob28,7.0,-,-
mprime,prob29,4.0,-,-
mprime,prob30,8.0,-,-
mprime,prob31,4.0,-,-
mprime,prob32,5.0,-,-
mprime,prob33,8.0,-,-
mprime,prob34,4.0,-,-
mprime,prob35,4.0,-,-
mprime,prob01,5.0,-,-
mprime,prob02,7.0,-,-
mprime,prob03,4.0,-,-
mprime,prob04,7.0,-,-
mprime,prob05,8.0,-,-
mprime,prob06,-,7,11
mprime,prob07,5.0,-,-
mprime,prob08,5.0,-,-
mprime,prob09,8.0,-,-
mprime,prob10,7.0,-,-
mprime,prob11,7.0,-,-
mprime,prob12,5.0,-,-
mprime,prob13,11.0,-,-
mprime,prob14,9.0,-,-
mprime,prob15,6.0,-,-
mprime,prob16,5.0,-,-
mprime,prob17,4.0,-,-
mprime,prob18,-,9,14
mprime,prob19,5.0,-,-
mprime,prob20,-,6,7
mprime,prob21,4.0,-,-
mprime,prob22,-,7,9
mprime,prob23,-,7,8
mprime,prob24,6.0,-,-
mprime,prob25,4.0,-,-
mprime,prob26,6.0,-,-
mprime,prob27,5.0,-,-
mprime,prob28,7.0,-,-
mprime,prob29,4.0,-,-
mprime,prob30,8.0,-,-
mprime,prob31,4.0,-,-
mprime,prob32,5.0,-,-
mprime,prob33,8.0,-,-
mprime,prob34,4.0,-,-
mprime,prob35,4.0,-,-
mystery,prob01,5.0,-,-
mystery,prob02,7.0,-,-
mystery,prob03,4.0,-,-
mystery,prob04,7.0,-,-
mystery,prob05,8.0,-,-
mystery,prob06,11.0,-,-
mystery,prob07,inf,-,-
mystery,prob08,5.0,-,-
mystery,prob09,8.0,-,-
mystery,prob10,7.0,-,-
mystery,prob11,7.0,-,-
mystery,prob12,5.0,-,-
mystery,prob13,11.0,-,-
mystery,prob14,9.0,-,-
mystery,prob15,6.0,-,-
mystery,prob16,5.0,-,-
mystery,prob17,4.0,-,-
mystery,prob18,inf,-,-
mystery,prob19,5.0,-,-
mystery,prob20,7.0,-,-
mystery,prob21,4.0,-,-
mystery,prob22,10.0,-,-
mystery,prob23,11.0,-,-
mystery,prob24,10.0,-,-
mystery,prob25,4.0,-,-
mystery,prob26,6.0,-,-
mystery,prob27,5.0,-,-
mystery,prob28,7.0,-,-
mystery,prob29,4.0,-,-
mystery,prob30,8.0,-,-
mystery,prob01,5.0,-,-
mystery,prob02,7.0,-,-
mystery,prob03,4.0,-,-
mystery,prob04,7.0,-,-
mystery,prob05,8.0,-,-
mystery,prob06,11.0,-,-
mystery,prob07,inf,-,-
mystery,prob08,5.0,-,-
mystery,prob09,8.0,-,-
mystery,prob10,7.0,-,-
mystery,prob11,7.0,-,-
mystery,prob12,5.0,-,-
mystery,prob13,11.0,-,-
mystery,prob14,9.0,-,-
mystery,prob15,6.0,-,-
mystery,prob16,5.0,-,-
mystery,prob17,4.0,-,-
mystery,prob18,inf,-,-
mystery,prob19,5.0,-,-
mystery,prob20,7.0,-,-
mystery,prob21,4.0,-,-
mystery,prob22,10.0,-,-
mystery,prob23,11.0,-,-
mystery,prob24,10.0,-,-
mystery,prob25,4.0,-,-
mystery,prob26,6.0,-,-
mystery,prob27,5.0,-,-
mystery,prob28,7.0,-,-
mystery,prob29,4.0,-,-
mystery,prob30,8.0,-,-
openstacks-opt08-strips,p01,1.0,-,-
openstacks-opt08-strips,p02,1.0,-,-
openstacks-opt08-strips,p03,1.0,-,-
openstacks-opt08-strips,p04,1.0,-,-
openstacks-opt08-strips,p05,1.0,-,-
openstacks-opt08-strips,p06,1.0,-,-
openstacks-opt08-strips,p07,1.0,-,-
openstacks-opt08-strips,p08,1.0,-,-
openstacks-opt08-strips,p09,1.0,-,-
openstacks-opt08-strips,p10,1.0,-,-
openstacks-opt08-strips,p11,1.0,-,-
openstacks-opt08-strips,p12,1.0,-,-
openstacks-opt08-strips,p13,1.0,-,-
openstacks-opt08-strips,p14,1.0,-,-
openstacks-opt08-strips,p15,1.0,-,-
openstacks-opt08-strips,p16,1.0,-,-
openstacks-opt08-strips,p17,1.0,-,-
openstacks-opt08-strips,p18,1.0,-,-
openstacks-opt08-strips,p19,1.0,-,-
openstacks-opt08-strips,p20,1.0,-,-
openstacks-opt08-strips,p21,1.0,-,-
openstacks-opt08-strips,p22,1.0,-,-
openstacks-opt08-strips,p23,1.0,-,-
openstacks-opt08-strips,p24,1.0,-,-
openstacks-opt08-strips,p25,1.0,-,-
openstacks-opt08-strips,p26,1.0,-,-
openstacks-opt08-strips,p27,1.0,-,-
openstacks-opt08-strips,p28,1.0,-,-
openstacks-opt08-strips,p29,1.0,-,-
openstacks-opt08-strips,p30,1.0,-,-
openstacks-opt08-strips,p01,1.0,-,-
openstacks-opt08-strips,p02,1.0,-,-
openstacks-opt08-strips,p03,1.0,-,-
openstacks-opt08-strips,p04,1.0,-,-
openstacks-opt08-strips,p05,1.0,-,-
openstacks-opt08-strips,p06,1.0,-,-
openstacks-opt08-strips,p07,1.0,-,-
openstacks-opt08-strips,p08,1.0,-,-
openstacks-opt08-strips,p09,1.0,-,-
openstacks-opt08-strips,p10,1.0,-,-
openstacks-opt08-strips,p11,1.0,-,-
openstacks-opt08-strips,p12,1.0,-,-
openstacks-opt08-strips,p13,1.0,-,-
openstacks-opt08-strips,p14,1.0,-,-
openstacks-opt08-strips,p15,1.0,-,-
openstacks-opt08-strips,p16,1.0,-,-
openstacks-opt08-strips,p17,1.0,-,-
openstacks-opt08-strips,p18,1.0,-,-
openstacks-opt08-strips,p19,1.0,-,-
openstacks-opt08-strips,p20,1.0,-,-
openstacks-opt08-strips,p21,1.0,-,-
openstacks-opt08-strips,p22,1.0,-,-
openstacks-opt08-strips,p23,1.0,-,-
openstacks-opt08-strips,p24,1.0,-,-
openstacks-opt08-strips,p25,1.0,-,-
openstacks-opt08-strips,p26,1.0,-,-
openstacks-opt08-strips,p27,1.0,-,-
openstacks-opt08-strips,p28,1.0,-,-
openstacks-opt08-strips,p29,1.0,-,-
openstacks-opt08-strips,p30,1.0,-,-
openstacks-strips,p01,21.0,-,-
openstacks-strips,p02,21.0,-,-
openstacks-strips,p03,21.0,-,-
openstacks-strips,p04,21.0,-,-
openstacks-strips,p05,21.0,-,-
openstacks-strips,p06,-,31,41
openstacks-strips,p07,-,31,41
openstacks-strips,p08,-,47,81
openstacks-strips,p09,-,46,81
openstacks-strips,p10,-,54,81
openstacks-strips,p11,-,50,81
openstacks-strips,p12,-,56,81
openstacks-strips,p13,-,51,81
openstacks-strips,p14,-,56,81
openstacks-strips,p15,-,54,81
openstacks-strips,p16,-,56,81
openstacks-strips,p17,-,56,101
openstacks-strips,p18,-,85,169
openstacks-strips,p19,-,71,101
openstacks-strips,p20,-,80,121
openstacks-strips,p21,-,71,121
openstacks-strips,p22,-,76,121
openstacks-strips,p23,-,71,121
openstacks-strips,p24,-,169,201
openstacks-strips,p25,-,158,201
openstacks-strips,p26,-,151,201
openstacks-strips,p27,-,192,301
openstacks-strips,p28,-,269,401
openstacks-strips,p29,-,321,401
openstacks-strips,p30,-,272,401
openstacks-strips,p01,21.0,-,-
openstacks-strips,p02,21.0,-,-
openstacks-strips,p03,21.0,-,-
openstacks-strips,p04,21.0,-,-
openstacks-strips,p05,21.0,-,-
openstacks-strips,p06,-,31,41
openstacks-strips,p07,-,31,41
openstacks-strips,p08,-,47,81
openstacks-strips,p09,-,46,81
openstacks-strips,p10,-,54,81
openstacks-strips,p11,-,50,81
openstacks-strips,p12,-,56,81
openstacks-strips,p13,-,51,81
openstacks-strips,p14,-,56,81
openstacks-strips,p15,-,54,81
openstacks-strips,p16,-,56,81
openstacks-strips,p17,-,56,101
openstacks-strips,p18,-,85,169
openstacks-strips,p19,-,71,101
openstacks-strips,p20,-,80,121
openstacks-strips,p21,-,71,121
openstacks-strips,p22,-,76,121
openstacks-strips,p23,-,71,121
openstacks-strips,p24,-,169,201
openstacks-strips,p25,-,158,201
openstacks-strips,p26,-,151,201
openstacks-strips,p27,-,192,301
openstacks-strips,p28,-,269,401
openstacks-strips,p29,-,321,401
openstacks-strips,p30,-,272,401
parcprinter-08-strips,p01,169009.0,-,-
parcprinter-08-strips,p02,438047.0,-,-
parcprinter-08-strips,p03,807114.0,-,-
parcprinter-08-strips,p04,876094.0,-,-
parcprinter-08-strips,p05,1145132.0,-,-
parcprinter-08-strips,p06,1514199.0,-,-
parcprinter-08-strips,p07,1383121.0,-,-
parcprinter-08-strips,p08,1852217.0,-,-
parcprinter-08-strips,p09,2121255.0,-,-
parcprinter-08-strips,p10,2490322.0,-,-
parcprinter-08-strips,p11,165989.0,-,-
parcprinter-08-strips,p12,425725.0,-,-
parcprinter-08-strips,p13,591714.0,-,-
parcprinter-08-strips,p14,851450.0,-,-
parcprinter-08-strips,p15,1323035.0,-,-
parcprinter-08-strips,p16,1370922.0,-,-
parcprinter-08-strips,p17,1443164.0,-,-
parcprinter-08-strips,p18,1890394.0,-,-
parcprinter-08-strips,p19,2579475.0,-,-
parcprinter-08-strips,p20,2246727.0,-,-
parcprinter-08-strips,p21,143411.0,-,-
parcprinter-08-strips,p22,375821.0,-,-
parcprinter-08-strips,p23,519232.0,-,-
parcprinter-08-strips,p24,751642.0,-,-
parcprinter-08-strips,p25,1196842.0,-,-
parcprinter-08-strips,p26,1216462.0,-,-
parcprinter-08-strips,p27,1270874.0,-,-
parcprinter-08-strips,p28,1681282.0,-,-
parcprinter-08-strips,p29,2343271.0,-,-
parcprinter-08-strips,p30,2002896.0,-,-
parcprinter-08-strips,p01,169009.0,-,-
parcprinter-08-strips,p02,438047.0,-,-
parcprinter-08-strips,p03,807114.0,-,-
parcprinter-08-strips,p04,876094.0,-,-
parcprinter-08-strips,p05,1145132.0,-,-
parcprinter-08-strips,p06,1514199.0,-,-
parcprinter-08-strips,p07,1383121.0,-,-
parcprinter-08-strips,p08,1852217.0,-,-
parcprinter-08-strips,p09,2121255.0,-,-
parcprinter-08-strips,p10,2490322.0,-,-
parcprinter-08-strips,p11,165989.0,-,-
parcprinter-08-strips,p12,425725.0,-,-
parcprinter-08-strips,p13,591714.0,-,-
parcprinter-08-strips,p14,851450.0,-,-
parcprinter-08-strips,p15,1323035.0,-,-
parcprinter-08-strips,p16,1370922.0,-,-
parcprinter-08-strips,p17,1443164.0,-,-
parcprinter-08-strips,p18,1890394.0,-,-
parcprinter-08-strips,p19,2579475.0,-,-
parcprinter-08-strips,p20,2246727.0,-,-
parcprinter-08-strips,p21,143411.0,-,-
parcprinter-08-strips,p22,375821.0,-,-
parcprinter-08-strips,p23,519232.0,-,-
parcprinter-08-strips,p24,751642.0,-,-
parcprinter-08-strips,p25,1196842.0,-,-
parcprinter-08-strips,p26,1216462.0,-,-
parcprinter-08-strips,p27,1270874.0,-,-
parcprinter-08-strips,p28,1681282.0,-,-
parcprinter-08-strips,p29,2343271.0,-,-
parcprinter-08-strips,p30,2002896.0,-,-
parcprinter-opt11-strips,p01,375821.0,-,-
parcprinter-opt11-strips,p02,438047.0,-,-
parcprinter-opt11-strips,p03,425725.0,-,-
parcprinter-opt11-strips,p04,876094.0,-,-
parcprinter-opt11-strips,p05,519232.0,-,-
parcprinter-opt11-strips,p06,1514199.0,-,-
parcprinter-opt11-strips,p07,1145132.0,-,-
parcprinter-opt11-strips,p08,751642.0,-,-
parcprinter-opt11-strips,p09,591714.0,-,-
parcprinter-opt11-strips,p10,1196842.0,-,-
parcprinter-opt11-strips,p11,1216462.0,-,-
parcprinter-opt11-strips,p12,851450.0,-,-
parcprinter-opt11-strips,p13,1383121.0,-,-
parcprinter-opt11-strips,p14,1852217.0,-,-
parcprinter-opt11-strips,p15,2121255.0,-,-
parcprinter-opt11-strips,p16,2490322.0,-,-
parcprinter-opt11-strips,p17,1323035.0,-,-
parcprinter-opt11-strips,p18,1370922.0,-,-
parcprinter-opt11-strips,p19,1443164.0,-,-
parcprinter-opt11-strips,p20,1270874.0,-,-
parcprinter-opt11-strips,p01,375821.0,-,-
parcprinter-opt11-strips,p02,438047.0,-,-
parcprinter-opt11-strips,p03,425725.0,-,-
parcprinter-opt11-strips,p04,876094.0,-,-
parcprinter-opt11-strips,p05,519232.0,-,-
parcprinter-opt11-strips,p06,1514199.0,-,-
parcprinter-opt11-strips,p07,1145132.0,-,-
parcprinter-opt11-strips,p08,751642.0,-,-
parcprinter-opt11-strips,p09,591714.0,-,-
parcprinter-opt11-strips,p10,1196842.0,-,-
parcprinter-opt11-strips,p11,1216462.0,-,-
parcprinter-opt11-strips,p12,851450.0,-,-
parcprinter-opt11-strips,p13,1383121.0,-,-
parcprinter-opt11-strips,p14,1852217.0,-,-
parcprinter-opt11-strips,p15,2121255.0,-,-
parcprinter-opt11-strips,p16,2490322.0,-,-
parcprinter-opt11-strips,p17,1323035.0,-,-
parcprinter-opt11-strips,p18,1370922.0,-,-
parcprinter-opt11-strips,p19,1443164.0,-,-
parcprinter-opt11-strips,p20,1270874.0,-,-
parcprinter-sat11-strips,p01,1383121.0,-,-
parcprinter-sat11-strips,p02,1852217.0,-,-
parcprinter-sat11-strips,p03,2490322.0,-,-
parcprinter-sat11-strips,p04,2246727.0,-,-
parcprinter-sat11-strips,p05,1216462.0,-,-
parcprinter-sat11-strips,p06,1270874.0,-,-
parcprinter-sat11-strips,p07,2121255.0,-,-
parcprinter-sat11-strips,p08,1681282.0,-,-
parcprinter-sat11-strips,p09,2343271.0,-,-
parcprinter-sat11-strips,p10,2002896.0,-,-
parcprinter-sat11-strips,p11,1629147.0,-,-
parcprinter-sat11-strips,p12,2828340.0,-,-
parcprinter-sat11-strips,p13,-,3309373,3601393
parcprinter-sat11-strips,p14,2578705.0,-,-
parcprinter-sat11-strips,p15,2494225.0,-,-
parcprinter-sat11-strips,p16,2826203.0,-,-
parcprinter-sat11-strips,p17,1526454.0,-,-
parcprinter-sat11-strips,p18,2319652.0,-,-
parcprinter-sat11-strips,p19,2981641.0,-,-
parcprinter-sat11-strips,p20,2289718.0,-,-
parcprinter-sat11-strips,p01,1383121.0,-,-
parcprinter-sat11-strips,p02,1852217.0,-,-
parcprinter-sat11-strips,p03,2490322.0,-,-
parcprinter-sat11-strips,p04,2246727.0,-,-
parcprinter-sat11-strips,p05,1216462.0,-,-
parcprinter-sat11-strips,p06,1270874.0,-,-
parcprinter-sat11-strips,p07,2121255.0,-,-
parcprinter-sat11-strips,p08,1681282.0,-,-
parcprinter-sat11-strips,p09,2343271.0,-,-
parcprinter-sat11-strips,p10,2002896.0,-,-
parcprinter-sat11-strips,p11,1629147.0,-,-
parcprinter-sat11-strips,p12,2828340.0,-,-
parcprinter-sat11-strips,p13,-,3309373,3601393
parcprinter-sat11-strips,p14,2578705.0,-,-
parcprinter-sat11-strips,p15,2494225.0,-,-
parcprinter-sat11-strips,p16,2826203.0,-,-
parcprinter-sat11-strips,p17,1526454.0,-,-
parcprinter-sat11-strips,p18,2319652.0,-,-
parcprinter-sat11-strips,p19,2981641.0,-,-
parcprinter-sat11-strips,p20,2289718.0,-,-
pathways-noneg,p01,6.0,-,-
pathways-noneg,p02,12.0,-,-
pathways-noneg,p03,16.0,-,-
pathways-noneg,p04,15.0,-,-
pathways-noneg,p05,29.0,-,-
pathways-noneg,p06,-,44,46
pathways-noneg,p07,-,43,46
pathways-noneg,p08,-,63,66
pathways-noneg,p09,-,48,50
pathways-noneg,p10,-,54,58
pathways-noneg,p11,-,51,54
pathways-noneg,p12,-,64,80
pathways-noneg,p13,-,70,75
pathways-noneg,p14,-,67,76
pathways-noneg,p15,-,76,78
pathways-noneg,p16,-,74,89
pathways-noneg,p17,-,89,97
pathways-noneg,p18,-,87,98
pathways-noneg,p19,-,92,108
pathways-noneg,p20,-,90,102
pathways-noneg,p21,-,96,107
pathways-noneg,p22,-,95,106
pathways-noneg,p23,-,97,112
pathways-noneg,p24,-,107,117
pathways-noneg,p25,-,109,127
pathways-noneg,p26,-,119,129
pathways-noneg,p27,-,116,127
pathways-noneg,p28,-,113,127
pathways-noneg,p29,-,121,142
pathways-noneg,p30,-,117,132
pathways-noneg,p01,6.0,-,-
pathways-noneg,p02,12.0,-,-
pathways-noneg,p03,16.0,-,-
pathways-noneg,p04,15.0,-,-
pathways-noneg,p05,29.0,-,-
pathways-noneg,p06,-,44,46
pathways-noneg,p07,-,43,46
pathways-noneg,p08,-,63,66
pathways-noneg,p09,-,48,50
pathways-noneg,p10,-,54,58
pathways-noneg,p11,-,51,54
pathways-noneg,p12,-,64,80
pathways-noneg,p13,-,70,75
pathways-noneg,p14,-,67,76
pathways-noneg,p15,-,76,78
pathways-noneg,p16,-,74,89
pathways-noneg,p17,-,89,97
pathways-noneg,p18,-,87,98
pathways-noneg,p19,-,92,108
pathways-noneg,p20,-,90,102
pathways-noneg,p21,-,96,107
pathways-noneg,p22,-,95,106
pathways-noneg,p23,-,97,112
pathways-noneg,p24,-,107,117
pathways-noneg,p25,-,109,127
pathways-noneg,p26,-,119,129
pathways-noneg,p27,-,116,127
pathways-noneg,p28,-,113,127
pathways-noneg,p29,-,121,142
pathways-noneg,p30,-,117,132
pegsol-08-strips,p01,2.0,-,-
pegsol-08-strips,p02,2.0,-,-
pegsol-08-strips,p03,1.0,-,-
pegsol-08-strips,p04,3.0,-,-
pegsol-08-strips,p05,2.0,-,-
pegsol-08-strips,p06,3.0,-,-
pegsol-08-strips,p07,3.0,-,-
pegsol-08-strips,p08,3.0,-,-
pegsol-08-strips,p09,3.0,-,-
pegsol-08-strips,p10,3.0,-,-
pegsol-08-strips,p11,3.0,-,-
pegsol-08-strips,p12,3.0,-,-
pegsol-08-strips,p13,4.0,-,-
pegsol-08-strips,p14,4.0,-,-
pegsol-08-strips,p15,4.0,-,-
pegsol-08-strips,p16,6.0,-,-
pegsol-08-strips,p17,4.0,-,-
pegsol-08-strips,p18,5.0,-,-
pegsol-08-strips,p19,5.0,-,-
pegsol-08-strips,p20,3.0,-,-
pegsol-08-strips,p21,5.0,-,-
pegsol-08-strips,p22,4.0,-,-
pegsol-08-strips,p23,5.0,-,-
pegsol-08-strips,p24,5.0,-,-
pegsol-08-strips,p25,4.0,-,-
pegsol-08-strips,p26,5.0,-,-
pegsol-08-strips,p27,5.0,-,-
pegsol-08-strips,p28,9.0,-,-
pegsol-08-strips,p29,8.0,-,-
pegsol-08-strips,p30,13.0,-,-
pegsol-08-strips,p01,2.0,-,-
pegsol-08-strips,p02,2.0,-,-
pegsol-08-strips,p03,1.0,-,-
pegsol-08-strips,p04,3.0,-,-
pegsol-08-strips,p05,2.0,-,-
pegsol-08-strips,p06,3.0,-,-
pegsol-08-strips,p07,3.0,-,-
pegsol-08-strips,p08,3.0,-,-
pegsol-08-strips,p09,3.0,-,-
pegsol-08-strips,p10,3.0,-,-
pegsol-08-strips,p11,3.0,-,-
pegsol-08-strips,p12,3.0,-,-
pegsol-08-strips,p13,4.0,-,-
pegsol-08-strips,p14,4.0,-,-
pegsol-08-strips,p15,4.0,-,-
pegsol-08-strips,p16,6.0,-,-
pegsol-08-strips,p17,4.0,-,-
pegsol-08-strips,p18,5.0,-,-
pegsol-08-strips,p19,5.0,-,-
pegsol-08-strips,p20,3.0,-,-
pegsol-08-strips,p21,5.0,-,-
pegsol-08-strips,p22,4.0,-,-
pegsol-08-strips,p23,5.0,-,-
pegsol-08-strips,p24,5.0,-,-
pegsol-08-strips,p25,4.0,-,-
pegsol-08-strips,p26,5.0,-,-
pegsol-08-strips,p27,5.0,-,-
pegsol-08-strips,p28,9.0,-,-
pegsol-08-strips,p29,8.0,-,-
pegsol-08-strips,p30,13.0,-,-
pipesworld-notankage,p01-net1-b6-g2,5.0,-,-
pipesworld-notankage,p02-net1-b6-g4,7.0,-,-
pipesworld-notankage,p03-net1-b8-g3,7.0,-,-
pipesworld-notankage,p04-net1-b8-g5,7.0,-,-
pipesworld-notankage,p05-net1-b10-g4,7.0,-,-
pipesworld-notankage,p06-net1-b10-g6,9.0,-,-
pipesworld-notankage,p07-net1-b12-g5,8.0,-,-
pipesworld-notankage,p08-net1-b12-g7,10.0,-,-
pipesworld-notankage,p09-net1-b14-g6,13.0,-,-
pipesworld-notankage,p10-net1-b14-g8,-,15,18
pipesworld-notankage,p11-net2-b10-g2,11.0,-,-
pipesworld-notankage,p12-net2-b10-g4,13.0,-,-
pipesworld-notankage,p13-net2-b12-g3,12.0,-,-
pipesworld-notankage,p14-net2-b12-g5,18.0,-,-
pipesworld-notankage,p15-net2-b14-g4,14.0,-,-
pipesworld-notankage,p16-net2-b14-g6,19.0,-,-
pipesworld-notankage,p17-net2-b16-g5,12.0,-,-
pipesworld-notankage,p18-net2-b16-g7,-,15,18
pipesworld-notankage,p19-net2-b18-g6,-,16,20
pipesworld-notankage,p20-net2-b18-g8,-,17,24
pipesworld-notankage,p21-net3-b12-g2,9.0,-,-
pipesworld-notankage,p22-net3-b12-g4,19.0,-,-
pipesworld-notankage,p23-net3-b14-g3,14.0,-,-
pipesworld-notankage,p24-net3-b14-g5,18.0,-,-
pipesworld-notankage,p25-net3-b16-g5,-,17,20
pipesworld-notankage,p26-net3-b16-g7,-,18,31
pipesworld-notankage,p27-net3-b18-g6,-,15,20
pipesworld-notankage,p28-net3-b18-g7,-,18,29
pipesworld-notankage,p29-net3-b20-g6,-,17,22
pipesworld-notankage,p30-net3-b20-g8,-,23,33
pipesworld-notankage,p31-net4-b14-g3,-,16,18
pipesworld-notankage,p32-net4-b14-g5,-,16,21
pipesworld-notankage,p33-net4-b16-g5,-,16,18
pipesworld-notankage,p34-net4-b16-g6,-,17,26
pipesworld-notankage,p35-net4-b18-g4,-,12,17
pipesworld-notankage,p36-net4-b18-g6,-,13,19
pipesworld-notankage,p37-net4-b20-g5,14.0,-,-
pipesworld-notankage,p38-net4-b20-g7,-,14,18
pipesworld-notankage,p39-net4-b22-g7,-,14,20
pipesworld-notankage,p40-net4-b22-g8,-,15,23
pipesworld-notankage,p41-net5-b22-g2,8.0,-,-
pipesworld-notankage,p42-net5-b22-g4,-,15,16
pipesworld-notankage,p43-net5-b24-g3,-,15,25
pipesworld-notankage,p44-net5-b24-g5,-,16,27
pipesworld-notankage,p45-net5-b26-g4,-,15,24
pipesworld-notankage,p46-net5-b26-g6,-,17,30
pipesworld-notankage,p47-net5-b28-g5,-,18,39
pipesworld-notankage,p48-net5-b28-g7,-,18,47
pipesworld-notankage,p49-net5-b30-g6,-,17,29
pipesworld-notankage,p50-net5-b30-g8,-,17,47
pipesworld-notankage,p01-net1-b6-g2,5.0,-,-
pipesworld-notankage,p02-net1-b6-g4,7.0,-,-
pipesworld-notankage,p03-net1-b8-g3,7.0,-,-
pipesworld-notankage,p04-net1-b8-g5,7.0,-,-
pipesworld-notankage,p05-net1-b10-g4,7.0,-,-
pipesworld-notankage,p06-net1-b10-g6,9.0,-,-
pipesworld-notankage,p07-net1-b12-g5,8.0,-,-
pipesworld-notankage,p08-net1-b12-g7,10.0,-,-
pipesworld-notankage,p09-net1-b14-g6,13.0,-,-
pipesworld-notankage,p10-net1-b14-g8,-,15,18
pipesworld-notankage,p11-net2-b10-g2,11.0,-,-
pipesworld-notankage,p12-net2-b10-g4,13.0,-,-
pipesworld-notankage,p13-net2-b12-g3,12.0,-,-
pipesworld-notankage,p14-net2-b12-g5,18.0,-,-
pipesworld-notankage,p15-net2-b14-g4,14.0,-,-
pipesworld-notankage,p16-net2-b14-g6,19.0,-,-
pipesworld-notankage,p17-net2-b16-g5,12.0,-,-
pipesworld-notankage,p18-net2-b16-g7,-,15,18
pipesworld-notankage,p19-net2-b18-g6,-,16,20
pipesworld-notankage,p20-net2-b18-g8,-,17,24
pipesworld-notankage,p21-net3-b12-g2,9.0,-,-
pipesworld-notankage,p22-net3-b12-g4,19.0,-,-
pipesworld-notankage,p23-net3-b14-g3,14.0,-,-
pipesworld-notankage,p24-net3-b14-g5,18.0,-,-
pipesworld-notankage,p25-net3-b16-g5,-,17,20
pipesworld-notankage,p26-net3-b16-g7,-,18,31
pipesworld-notankage,p27-net3-b18-g6,-,15,20
pipesworld-notankage,p28-net3-b18-g7,-,18,29
pipesworld-notankage,p29-net3-b20-g6,-,17,22
pipesworld-notankage,p30-net3-b20-g8,-,23,33
pipesworld-notankage,p31-net4-b14-g3,-,16,18
pipesworld-notankage,p32-net4-b14-g5,-,16,21
pipesworld-notankage,p33-net4-b16-g5,-,16,18
pipesworld-notankage,p34-net4-b16-g6,-,17,26
pipesworld-notankage,p35-net4-b18-g4,-,12,17
pipesworld-notankage,p36-net4-b18-g6,-,13,19
pipesworld-notankage,p37-net4-b20-g5,14.0,-,-
pipesworld-notankage,p38-net4-b20-g7,-,14,18
pipesworld-notankage,p39-net4-b22-g7,-,14,20
pipesworld-notankage,p40-net4-b22-g8,-,15,23
pipesworld-notankage,p41-net5-b22-g2,8.0,-,-
pipesworld-notankage,p42-net5-b22-g4,-,15,16
pipesworld-notankage,p43-net5-b24-g3,-,15,25
pipesworld-notankage,p44-net5-b24-g5,-,16,27
pipesworld-notankage,p45-net5-b26-g4,-,15,24
pipesworld-notankage,p46-net5-b26-g6,-,17,30
pipesworld-notankage,p47-net5-b28-g5,-,18,39
pipesworld-notankage,p48-net5-b28-g7,-,18,47
pipesworld-notankage,p49-net5-b30-g6,-,17,29
pipesworld-notankage,p50-net5-b30-g8,-,17,47
pipesworld-tankage,p01-net1-b6-g2-t50,5.0,-,-
pipesworld-tankage,p02-net1-b6-g4-t50,7.0,-,-
pipesworld-tankage,p03-net1-b8-g3-t80,7.0,-,-
pipesworld-tankage,p04-net1-b8-g5-t80,7.0,-,-
pipesworld-tankage,p05-net1-b10-g4-t50,7.0,-,-
pipesworld-tankage,p06-net1-b10-g6-t50,9.0,-,-
pipesworld-tankage,p07-net1-b12-g5-t80,8.0,-,-
pipesworld-tankage,p08-net1-b12-g7-t80,-,9,10
pipesworld-tankage,p09-net1-b14-g6-t50,-,11,14
pipesworld-tankage,p10-net1-b14-g8-t50,-,13,18
pipesworld-tankage,p11-net2-b10-g2-t30,12.0,-,-
pipesworld-tankage,p12-net2-b10-g4-t60,13.0,-,-
pipesworld-tankage,p13-net2-b12-g3-t70,12.0,-,-
pipesworld-tankage,p14-net2-b12-g5-t30,-,14,19
pipesworld-tankage,p15-net2-b14-g4-t30,14.0,-,-
pipesworld-tankage,p16-net2-b14-g6-t80,-,16,20
pipesworld-tankage,p17-net2-b16-g5-t20,13.0,-,-
pipesworld-tankage,p18-net2-b16-g7-t60,-,12,19
pipesworld-tankage,p19-net2-b18-g6-t60,-,13,21
pipesworld-tankage,p20-net2-b18-g8-t90,-,14,24
pipesworld-tankage,p21-net3-b12-g2-t60,9.0,-,-
pipesworld-tankage,p22-net3-b12-g4-t60,-,16,19
pipesworld-tankage,p23-net3-b14-g3-t60,-,12,15
pipesworld-tankage,p24-net3-b14-g5-t60,-,14,21
pipesworld-tankage,p25-net3-b16-g5-t60,-,13,20
pipesworld-tankage,p26-net3-b16-g7-t70,-,14,27
pipesworld-tankage,p27-net3-b18-g6-t70,-,12,22
pipesworld-tankage,p28-net3-b18-g7-t70,-,15,33
pipesworld-tankage,p29-net3-b20-g6-t70,-,13,26
pipesworld-tankage,p30-net3-b20-g8-t70,-,17,36
pipesworld-tankage,p31-net4-b14-g3-t20,-,18,19
pipesworld-tankage,p32-net4-b14-g5-t30,-,14,21
pipesworld-tankage,p33-net4-b16-g5-t60,-,12,19
pipesworld-tankage,p34-net4-b16-g6-t60,-,13,26
pipesworld-tankage,p35-net4-b18-g4-t90,-,9,17
pipesworld-tankage,p36-net4-b18-g6-t90,-,10,21
pipesworld-tankage,p37-net4-b20-g5-t60,-,10,14
pipesworld-tankage,p38-net4-b20-g7-t60,-,11,21
pipesworld-tankage,p39-net4-b22-g7-t50,-,11,24
pipesworld-tankage,p40-net4-b22-g8-t50,-,11,24
pipesworld-tankage,p41-net5-b22-g2-t20,8.0,-,-
pipesworld-tankage,p42-net5-b22-g4-t50,-,11,19
pipesworld-tankage,p43-net5-b24-g3-t80,-,12,26
pipesworld-tankage,p44-net5-b24-g5-t80,-,12,30
pipesworld-tankage,p45-net5-b26-g4-t50,-,13,25
pipesworld-tankage,p46-net5-b26-g6-t50,-,14,32
pipesworld-tankage,p47-net5-b28-g5-t50,-,15,40
pipesworld-tankage,p48-net5-b28-g7-t50,-,15,50
pipesworld-tankage,p49-net5-b30-g6-t50,-,12,32
pipesworld-tankage,p50-net5-b30-g8-t50,-,13,49
pipesworld-tankage,p01-net1-b6-g2-t50,5.0,-,-
pipesworld-tankage,p02-net1-b6-g4-t50,7.0,-,-
pipesworld-tankage,p03-net1-b8-g3-t80,7.0,-,-
pipesworld-tankage,p04-net1-b8-g5-t80,7.0,-,-
pipesworld-tankage,p05-net1-b10-g4-t50,7.0,-,-
pipesworld-tankage,p06-net1-b10-g6-t50,9.0,-,-
pipesworld-tankage,p07-net1-b12-g5-t80,8.0,-,-
pipesworld-tankage,p08-net1-b12-g7-t80,-,9,10
pipesworld-tankage,p09-net1-b14-g6-t50,-,11,14
pipesworld-tankage,p10-net1-b14-g8-t50,-,13,18
pipesworld-tankage,p11-net2-b10-g2-t30,12.0,-,-
pipesworld-tankage,p12-net2-b10-g4-t60,13.0,-,-
pipesworld-tankage,p13-net2-b12-g3-t70,12.0,-,-
pipesworld-tankage,p14-net2-b12-g5-t30,-,14,19
pipesworld-tankage,p15-net2-b14-g4-t30,14.0,-,-
pipesworld-tankage,p16-net2-b14-g6-t80,-,16,20
pipesworld-tankage,p17-net2-b16-g5-t20,13.0,-,-
pipesworld-tankage,p18-net2-b16-g7-t60,-,12,19
pipesworld-tankage,p19-net2-b18-g6-t60,-,13,21
pipesworld-tankage,p20-net2-b18-g8-t90,-,14,24
pipesworld-tankage,p21-net3-b12-g2-t60,9.0,-,-
pipesworld-tankage,p22-net3-b12-g4-t60,-,16,19
pipesworld-tankage,p23-net3-b14-g3-t60,-,12,15
pipesworld-tankage,p24-net3-b14-g5-t60,-,14,21
pipesworld-tankage,p25-net3-b16-g5-t60,-,13,20
pipesworld-tankage,p26-net3-b16-g7-t70,-,14,27
pipesworld-tankage,p27-net3-b18-g6-t70,-,12,22
pipesworld-tankage,p28-net3-b18-g7-t70,-,15,33
pipesworld-tankage,p29-net3-b20-g6-t70,-,13,26
pipesworld-tankage,p30-net3-b20-g8-t70,-,17,36
pipesworld-tankage,p31-net4-b14-g3-t20,-,18,19
pipesworld-tankage,p32-net4-b14-g5-t30,-,14,21
pipesworld-tankage,p33-net4-b16-g5-t60,-,12,19
pipesworld-tankage,p34-net4-b16-g6-t60,-,13,26
pipesworld-tankage,p35-net4-b18-g4-t90,-,9,17
pipesworld-tankage,p36-net4-b18-g6-t90,-,10,21
pipesworld-tankage,p37-net4-b20-g5-t60,-,10,14
pipesworld-tankage,p38-net4-b20-g7-t60,-,11,21
pipesworld-tankage,p39-net4-b22-g7-t50,-,11,24
pipesworld-tankage,p40-net4-b22-g8-t50,-,11,24
pipesworld-tankage,p41-net5-b22-g2-t20,8.0,-,-
pipesworld-tankage,p42-net5-b22-g4-t50,-,11,19
pipesworld-tankage,p43-net5-b24-g3-t80,-,12,26
pipesworld-tankage,p44-net5-b24-g5-t80,-,12,30
pipesworld-tankage,p45-net5-b26-g4-t50,-,13,25
pipesworld-tankage,p46-net5-b26-g6-t50,-,14,32
pipesworld-tankage,p47-net5-b28-g5-t50,-,15,40
pipesworld-tankage,p48-net5-b28-g7-t50,-,15,50
pipesworld-tankage,p49-net5-b30-g6-t50,-,12,32
pipesworld-tankage,p50-net5-b30-g8-t50,-,13,49
psr-small,p01-s2-n1-l2-f50,1.0,-,-
psr-small,p02-s5-n1-l3-f30,1.0,-,-
psr-small,p03-s7-n1-l3-f70,1.0,-,-
psr-small,p04-s8-n1-l4-f10,1.0,-,-
psr-small,p05-s9-n1-l4-f30,1.0,-,-
psr-small,p06-s10-n1-l4-f50,1.0,-,-
psr-small,p07-s11-n1-l4-f70,1.0,-,-
psr-small,p08-s12-n1-l5-f10,1.0,-,-
psr-small,p09-s13-n1-l5-f30,1.0,-,-
psr-small,p10-s17-n2-l2-f30,2.0,-,-
psr-small,p11-s18-n2-l2-f50,2.0,-,-
psr-small,p12-s21-n2-l3-f30,2.0,-,-
psr-small,p13-s22-n2-l3-f50,3.0,-,-
psr-small,p14-s23-n2-l3-f70,2.0,-,-
psr-small,p15-s24-n2-l4-f10,2.0,-,-
psr-small,p16-s29-n2-l5-f30,3.0,-,-
psr-small,p17-s30-n2-l5-f50,2.0,-,-
psr-small,p18-s31-n2-l5-f70,2.0,-,-
psr-small,p19-s33-n3-l2-f30,5.0,-,-
psr-small,p20-s34-n3-l2-f50,3.0,-,-
psr-small,p21-s35-n3-l2-f70,3.0,-,-
psr-small,p22-s37-n3-l3-f30,4.0,-,-
psr-small,p23-s38-n3-l3-f50,3.0,-,-
psr-small,p24-s39-n3-l3-f70,3.0,-,-
psr-small,p25-s40-n3-l4-f10,2.0,-,-
psr-small,p26-s41-n3-l4-f30,3.0,-,-
psr-small,p27-s42-n3-l4-f50,3.0,-,-
psr-small,p28-s43-n3-l4-f70,3.0,-,-
psr-small,p29-s45-n3-l5-f30,5.0,-,-
psr-small,p30-s46-n3-l5-f50,3.0,-,-
psr-small,p31-s49-n4-l2-f30,4.0,-,-
psr-small,p32-s50-n4-l2-f50,4.0,-,-
psr-small,p33-s51-n4-l2-f70,4.0,-,-
psr-small,p34-s55-n4-l3-f70,4.0,-,-
psr-small,p35-s57-n5-l2-f30,4.0,-,-
psr-small,p36-s65-n6-l2-f30,6.0,-,-
psr-small,p37-s67-n6-l2-f70,6.0,-,-
psr-small,p38-s78-n3-l3-f50,3.0,-,-
psr-small,p39-s79-n3-l3-f70,3.0,-,-
psr-small,p40-s80-n3-l4-f10,3.0,-,-
psr-small,p41-s81-n3-l4-f30,3.0,-,-
psr-small,p42-s82-n3-l4-f50,4.0,-,-
psr-small,p43-s83-n3-l4-f70,4.0,-,-
psr-small,p44-s89-n4-l2-f30,5.0,-,-
psr-small,p45-s94-n4-l3-f50,4.0,-,-
psr-small,p46-s97-n5-l2-f30,5.0,-,-
psr-small,p47-s98-n5-l2-f50,4.0,-,-
psr-small,p48-s101-n5-l3-f30,5.0,-,-
psr-small,p49-s105-n6-l2-f30,7.0,-,-
psr-small,p50-s107-n6-l2-f70,6.0,-,-
psr-small,p01-s2-n1-l2-f50,1.0,-,-
psr-small,p02-s5-n1-l3-f30,1.0,-,-
psr-small,p03-s7-n1-l3-f70,1.0,-,-
psr-small,p04-s8-n1-l4-f10,1.0,-,-
psr-small,p05-s9-n1-l4-f30,1.0,-,-
psr-small,p06-s10-n1-l4-f50,1.0,-,-
psr-small,p07-s11-n1-l4-f70,1.0,-,-
psr-small,p08-s12-n1-l5-f10,1.0,-,-
psr-small,p09-s13-n1-l5-f30,1.0,-,-
psr-small,p10-s17-n2-l2-f30,2.0,-,-
psr-small,p11-s18-n2-l2-f50,2.0,-,-
psr-small,p12-s21-n2-l3-f30,2.0,-,-
psr-small,p13-s22-n2-l3-f50,3.0,-,-
psr-small,p14-s23-n2-l3-f70,2.0,-,-
psr-small,p15-s24-n2-l4-f10,2.0,-,-
psr-small,p16-s29-n2-l5-f30,3.0,-,-
psr-small,p17-s30-n2-l5-f50,2.0,-,-
psr-small,p18-s31-n2-l5-f70,2.0,-,-
psr-small,p19-s33-n3-l2-f30,5.0,-,-
psr-small,p20-s34-n3-l2-f50,3.0,-,-
psr-small,p21-s35-n3-l2-f70,3.0,-,-
psr-small,p22-s37-n3-l3-f30,4.0,-,-
psr-small,p23-s38-n3-l3-f50,3.0,-,-
psr-small,p24-s39-n3-l3-f70,3.0,-,-
psr-small,p25-s40-n3-l4-f10,2.0,-,-
psr-small,p26-s41-n3-l4-f30,3.0,-,-
psr-small,p27-s42-n3-l4-f50,3.0,-,-
psr-small,p28-s43-n3-l4-f70,3.0,-,-
psr-small,p29-s45-n3-l5-f30,5.0,-,-
psr-small,p30-s46-n3-l5-f50,3.0,-,-
psr-small,p31-s49-n4-l2-f30,4.0,-,-
psr-small,p32-s50-n4-l2-f50,4.0,-,-
psr-small,p33-s51-n4-l2-f70,4.0,-,-
psr-small,p34-s55-n4-l3-f70,4.0,-,-
psr-small,p35-s57-n5-l2-f30,4.0,-,-
psr-small,p36-s65-n6-l2-f30,6.0,-,-
psr-small,p37-s67-n6-l2-f70,6.0,-,-
psr-small,p38-s78-n3-l3-f50,3.0,-,-
psr-small,p39-s79-n3-l3-f70,3.0,-,-
psr-small,p40-s80-n3-l4-f10,3.0,-,-
psr-small,p41-s81-n3-l4-f30,3.0,-,-
psr-small,p42-s82-n3-l4-f50,4.0,-,-
psr-small,p43-s83-n3-l4-f70,4.0,-,-
psr-small,p44-s89-n4-l2-f30,5.0,-,-
psr-small,p45-s94-n4-l3-f50,4.0,-,-
psr-small,p46-s97-n5-l2-f30,5.0,-,-
psr-small,p47-s98-n5-l2-f50,4.0,-,-
psr-small,p48-s101-n5-l3-f30,5.0,-,-
psr-small,p49-s105-n6-l2-f30,7.0,-,-
psr-small,p50-s107-n6-l2-f70,6.0,-,-
rovers,p01,9.0,-,-
rovers,p02,7.0,-,-
rovers,p03,9.0,-,-
rovers,p04,8.0,-,-
rovers,p05,18.0,-,-
rovers,p06,27.0,-,-
rovers,p07,15.0,-,-
rovers,p08,21.0,-,-
rovers,p09,24.0,-,-
rovers,p10,26.0,-,-
rovers,p11,24.0,-,-
rovers,p12,16.0,-,-
rovers,p13,32.0,-,-
rovers,p14,22.0,-,-
rovers,p15,29.0,-,-
rovers,p16,30.0,-,-
rovers,p17,36.0,-,-
rovers,p18,31.0,-,-
rovers,p19,45.0,-,-
rovers,p20,-,56,58
rovers,p21,-,40,41
rovers,p22,-,45,46
rovers,p23,-,50,54
rovers,p24,-,63,66
rovers,p25,25.0,-,-
rovers,p26,-,39,42
rovers,p27,59.0,-,-
rovers,p28,-,49,53
rovers,p29,-,41,46
rovers,p30,-,63,72
rovers,p31,-,68,69
rovers,p32,-,90,103
rovers,p33,-,116,131
rovers,p34,-,80,92
rovers,p35,-,164,188
rovers,p36,-,109,126
rovers,p37,-,148,170
rovers,p38,-,135,154
rovers,p39,-,172,200
rovers,p40,-,163,196
rovers,p01,9.0,-,-
rovers,p02,7.0,-,-
rovers,p03,9.0,-,-
rovers,p04,8.0,-,-
rovers,p05,18.0,-,-
rovers,p06,27.0,-,-
rovers,p07,15.0,-,-
rovers,p08,21.0,-,-
rovers,p09,24.0,-,-
rovers,p10,26.0,-,-
rovers,p11,24.0,-,-
rovers,p12,16.0,-,-
rovers,p13,32.0,-,-
rovers,p14,22.0,-,-
rovers,p15,29.0,-,-
rovers,p16,30.0,-,-
rovers,p17,36.0,-,-
rovers,p18,31.0,-,-
rovers,p19,45.0,-,-
rovers,p20,-,56,58
rovers,p21,-,40,41
rovers,p22,-,45,46
rovers,p23,-,50,54
rovers,p24,-,63,66
rovers,p25,25.0,-,-
rovers,p26,-,39,42
rovers,p27,59.0,-,-
rovers,p28,-,49,53
rovers,p29,-,41,46
rovers,p30,-,63,72
rovers,p31,-,68,69
rovers,p32,-,90,103
rovers,p33,-,116,131
rovers,p34,-,80,92
rovers,p35,-,164,188
rovers,p36,-,109,126
rovers,p37,-,148,170
rovers,p38,-,135,154
rovers,p39,-,172,200
rovers,p40,-,163,196
satellite,p01-pfile1,8.0,-,-
satellite,p02-pfile2,12.0,-,-
satellite,p03-pfile3,10.0,-,-
satellite,p04-pfile4,17.0,-,-
satellite,p05-pfile5,14.0,-,-
satellite,p06-pfile6,18.0,-,-
satellite,p07-pfile7,20.0,-,-
satellite,p08-pfile8,-,22,24
satellite,p09-pfile9,-,24,26
satellite,p10-pfile10,-,28,29
satellite,p11-pfile11,-,30,31
satellite,p12-pfile12,42.0,42,44
satellite,p12-pfile12,42.0,42,44
satellite,p13-pfile13,-,53,55
satellite,p14-pfile14,-,37,40
satellite,p15-pfile15,-,40,44
satellite,p16-pfile16,-,42,51
satellite,p17-pfile17,-,40,47
satellite,p18-pfile18,31.0,30,33
satellite,p18-pfile18,31.0,30,33
satellite,p19-pfile19,-,53,65
satellite,p20-pfile20,-,71,79
satellite,p21-HC-pfile1,-,70,74
satellite,p22-HC-pfile2,-,88,90
satellite,p23-HC-pfile3,-,97,99
satellite,p24-HC-pfile4,-,133,140
satellite,p25-HC-pfile5,-,121,129
satellite,p26-HC-pfile6,-,130,142
satellite,p27-HC-pfile7,-,130,135
satellite,p28-HC-pfile8,-,183,195
satellite,p29-HC-pfile9,-,177,192
satellite,p30-HC-pfile10,-,217,231
satellite,p31-HC-pfile11,-,260,275
satellite,p32-HC-pfile12,-,360,371
satellite,p33-HC-pfile13,-,449,inf
satellite,p34-HC-pfile14,-,282,285
satellite,p35-HC-pfile15,-,370,381
satellite,p36-HC-pfile16,-,348,365
satellite,p01-pfile1,8.0,-,-
satellite,p02-pfile2,12.0,-,-
satellite,p03-pfile3,10.0,-,-
satellite,p04-pfile4,17.0,-,-
satellite,p05-pfile5,14.0,-,-
satellite,p06-pfile6,18.0,-,-
satellite,p07-pfile7,20.0,-,-
satellite,p08-pfile8,-,22,24
satellite,p09-pfile9,-,24,26
satellite,p10-pfile10,-,28,29
satellite,p11-pfile11,-,30,31
satellite,p12-pfile12,42.0,42,44
satellite,p12-pfile12,42.0,42,44
satellite,p13-pfile13,-,53,55
satellite,p14-pfile14,-,37,40
satellite,p15-pfile15,-,40,44
satellite,p16-pfile16,-,42,51
satellite,p17-pfile17,-,40,47
satellite,p18-pfile18,31.0,30,33
satellite,p18-pfile18,31.0,30,33
satellite,p19-pfile19,-,53,65
satellite,p20-pfile20,-,71,79
satellite,p21-HC-pfile1,-,70,74
satellite,p22-HC-pfile2,-,88,90
satellite,p23-HC-pfile3,-,97,99
satellite,p24-HC-pfile4,-,133,140
satellite,p25-HC-pfile5,-,121,129
satellite,p26-HC-pfile6,-,130,142
satellite,p27-HC-pfile7,-,130,135
satellite,p28-HC-pfile8,-,183,195
satellite,p29-HC-pfile9,-,177,192
satellite,p30-HC-pfile10,-,217,231
satellite,p31-HC-pfile11,-,260,275
satellite,p32-HC-pfile12,-,360,371
satellite,p33-HC-pfile13,-,449,inf
satellite,p34-HC-pfile14,-,282,285
satellite,p35-HC-pfile15,-,370,381
satellite,p36-HC-pfile16,-,348,365
scanalyzer-08-strips,p01,18.0,-,-
scanalyzer-08-strips,p02,20.0,-,-
scanalyzer-08-strips,p03,22.0,-,-
scanalyzer-08-strips,p04,24.0,-,-
scanalyzer-08-strips,p05,-,26,27
scanalyzer-08-strips,p06,-,28,30
scanalyzer-08-strips,p07,30.0,-,-
scanalyzer-08-strips,p08,-,31,34
scanalyzer-08-strips,p09,-,34,38
scanalyzer-08-strips,p10,36.0,-,-
scanalyzer-08-strips,p11,-,37,41
scanalyzer-08-strips,p12,-,39,47
scanalyzer-08-strips,p13,42.0,-,-
scanalyzer-08-strips,p14,-,43,48
scanalyzer-08-strips,p15,-,45,56
scanalyzer-08-strips,p16,48.0,-,-
scanalyzer-08-strips,p17,-,49,55
scanalyzer-08-strips,p18,-,51,65
scanalyzer-08-strips,p19,54.0,-,-
scanalyzer-08-strips,p20,-,55,62
scanalyzer-08-strips,p21,-,56,73
scanalyzer-08-strips,p22,12.0,-,-
scanalyzer-08-strips,p23,12.0,-,-
scanalyzer-08-strips,p24,12.0,-,-
scanalyzer-08-strips,p25,24.0,-,-
scanalyzer-08-strips,p26,26.0,-,-
scanalyzer-08-strips,p27,-,27,30
scanalyzer-08-strips,p28,-,36,52
scanalyzer-08-strips,p29,-,38,52
scanalyzer-08-strips,p30,-,39,inf
scanalyzer-08-strips,p01,18.0,-,-
scanalyzer-08-strips,p02,20.0,-,-
scanalyzer-08-strips,p03,22.0,-,-
scanalyzer-08-strips,p04,24.0,-,-
scanalyzer-08-strips,p05,-,26,27
scanalyzer-08-strips,p06,-,28,30
scanalyzer-08-strips,p07,30.0,-,-
scanalyzer-08-strips,p08,-,31,34
scanalyzer-08-strips,p09,-,34,38
scanalyzer-08-strips,p10,36.0,-,-
scanalyzer-08-strips,p11,-,37,41
scanalyzer-08-strips,p12,-,39,47
scanalyzer-08-strips,p13,42.0,-,-
scanalyzer-08-strips,p14,-,43,48
scanalyzer-08-strips,p15,-,45,56
scanalyzer-08-strips,p16,48.0,-,-
scanalyzer-08-strips,p17,-,49,55
scanalyzer-08-strips,p18,-,51,65
scanalyzer-08-strips,p19,54.0,-,-
scanalyzer-08-strips,p20,-,55,62
scanalyzer-08-strips,p21,-,56,73
scanalyzer-08-strips,p22,12.0,-,-
scanalyzer-08-strips,p23,12.0,-,-
scanalyzer-08-strips,p24,12.0,-,-
scanalyzer-08-strips,p25,24.0,-,-
scanalyzer-08-strips,p26,26.0,-,-
scanalyzer-08-strips,p27,-,27,30
scanalyzer-08-strips,p28,-,36,52
scanalyzer-08-strips,p29,-,38,52
scanalyzer-08-strips,p30,-,39,inf
scanalyzer-opt11-strips,p01,12.0,-,-
scanalyzer-opt11-strips,p02,20.0,-,-
scanalyzer-opt11-strips,p03,22.0,-,-
scanalyzer-opt11-strips,p04,24.0,-,-
scanalyzer-opt11-strips,p05,30.0,-,-
scanalyzer-opt11-strips,p06,-,26,27
scanalyzer-opt11-strips,p07,54.0,-,-
scanalyzer-opt11-strips,p08,36.0,-,-
scanalyzer-opt11-strips,p09,42.0,-,-
scanalyzer-opt11-strips,p10,48.0,-,-
scanalyzer-opt11-strips,p11,24.0,-,-
scanalyzer-opt11-strips,p12,-,28,30
scanalyzer-opt11-strips,p13,-,27,32
scanalyzer-opt11-strips,p14,26.0,-,-
scanalyzer-opt11-strips,p15,-,31,34
scanalyzer-opt11-strips,p16,-,37,41
scanalyzer-opt11-strips,p17,-,43,48
scanalyzer-opt11-strips,p18,-,49,55
scanalyzer-opt11-strips,p19,-,55,62
scanalyzer-opt11-strips,p20,-,36,47
scanalyzer-opt11-strips,p01,12.0,-,-
scanalyzer-opt11-strips,p02,20.0,-,-
scanalyzer-opt11-strips,p03,22.0,-,-
scanalyzer-opt11-strips,p04,24.0,-,-
scanalyzer-opt11-strips,p05,30.0,-,-
scanalyzer-opt11-strips,p06,-,26,27
scanalyzer-opt11-strips,p07,54.0,-,-
scanalyzer-opt11-strips,p08,36.0,-,-
scanalyzer-opt11-strips,p09,42.0,-,-
scanalyzer-opt11-strips,p10,48.0,-,-
scanalyzer-opt11-strips,p11,24.0,-,-
scanalyzer-opt11-strips,p12,-,28,30
scanalyzer-opt11-strips,p13,-,27,32
scanalyzer-opt11-strips,p14,26.0,-,-
scanalyzer-opt11-strips,p15,-,31,34
scanalyzer-opt11-strips,p16,-,37,41
scanalyzer-opt11-strips,p17,-,43,48
scanalyzer-opt11-strips,p18,-,49,55
scanalyzer-opt11-strips,p19,-,55,62
scanalyzer-opt11-strips,p20,-,36,47
scanalyzer-sat11-strips,p01,24.0,-,-
scanalyzer-sat11-strips,p02,36.0,-,-
scanalyzer-sat11-strips,p03,-,28,30
scanalyzer-sat11-strips,p04,-,34,38
scanalyzer-sat11-strips,p05,42.0,-,-
scanalyzer-sat11-strips,p06,26.0,-,-
scanalyzer-sat11-strips,p07,48.0,-,-
scanalyzer-sat11-strips,p08,-,27,29
scanalyzer-sat11-strips,p09,-,39,47
scanalyzer-sat11-strips,p10,-,43,48
scanalyzer-sat11-strips,p11,-,45,55
scanalyzer-sat11-strips,p12,-,37,41
scanalyzer-sat11-strips,p13,-,31,34
scanalyzer-sat11-strips,p14,-,49,55
scanalyzer-sat11-strips,p15,-,51,65
scanalyzer-sat11-strips,p16,-,55,62
scanalyzer-sat11-strips,p17,-,56,73
scanalyzer-sat11-strips,p18,-,36,39
scanalyzer-sat11-strips,p19,-,38,inf
scanalyzer-sat11-strips,p20,-,39,66
scanalyzer-sat11-strips,p01,24.0,-,-
scanalyzer-sat11-strips,p02,36.0,-,-
scanalyzer-sat11-strips,p03,-,28,30
scanalyzer-sat11-strips,p04,-,34,38
scanalyzer-sat11-strips,p05,42.0,-,-
scanalyzer-sat11-strips,p06,26.0,-,-
scanalyzer-sat11-strips,p07,48.0,-,-
scanalyzer-sat11-strips,p08,-,27,29
scanalyzer-sat11-strips,p09,-,39,47
scanalyzer-sat11-strips,p10,-,43,48
scanalyzer-sat11-strips,p11,-,45,55
scanalyzer-sat11-strips,p12,-,37,41
scanalyzer-sat11-strips,p13,-,31,34
scanalyzer-sat11-strips,p14,-,49,55
scanalyzer-sat11-strips,p15,-,51,65
scanalyzer-sat11-strips,p16,-,55,62
scanalyzer-sat11-strips,p17,-,56,73
scanalyzer-sat11-strips,p18,-,36,39
scanalyzer-sat11-strips,p19,-,38,inf
scanalyzer-sat11-strips,p20,-,39,66
sokoban-opt08-strips,p01,10.0,-,-
sokoban-opt08-strips,p02,9.0,-,-
sokoban-opt08-strips,p03,3.0,-,-
sokoban-opt08-strips,p04,25.0,-,-
sokoban-opt08-strips,p05,8.0,-,-
sokoban-opt08-strips,p06,2.0,-,-
sokoban-opt08-strips,p07,7.0,-,-
sokoban-opt08-strips,p08,13.0,-,-
sokoban-opt08-strips,p09,5.0,-,-
sokoban-opt08-strips,p10,10.0,-,-
sokoban-opt08-strips,p11,16.0,-,-
sokoban-opt08-strips,p12,8.0,-,-
sokoban-opt08-strips,p13,4.0,-,-
sokoban-opt08-strips,p14,11.0,-,-
sokoban-opt08-strips,p15,57.0,-,-
sokoban-opt08-strips,p16,16.0,-,-
sokoban-opt08-strips,p17,6.0,-,-
sokoban-opt08-strips,p18,29.0,-,-
sokoban-opt08-strips,p19,27.0,-,-
sokoban-opt08-strips,p20,2.0,-,-
sokoban-opt08-strips,p21,2.0,-,-
sokoban-opt08-strips,p22,30.0,-,-
sokoban-opt08-strips,p23,15.0,-,-
sokoban-opt08-strips,p24,14.0,-,-
sokoban-opt08-strips,p25,25.0,-,-
sokoban-opt08-strips,p26,23.0,-,-
sokoban-opt08-strips,p27,11.0,-,-
sokoban-opt08-strips,p28,18.0,-,-
sokoban-opt08-strips,p29,15.0,-,-
sokoban-opt08-strips,p30,12.0,-,-
sokoban-opt08-strips,p01,10.0,-,-
sokoban-opt08-strips,p02,9.0,-,-
sokoban-opt08-strips,p03,3.0,-,-
sokoban-opt08-strips,p04,25.0,-,-
sokoban-opt08-strips,p05,8.0,-,-
sokoban-opt08-strips,p06,2.0,-,-
sokoban-opt08-strips,p07,7.0,-,-
sokoban-opt08-strips,p08,13.0,-,-
sokoban-opt08-strips,p09,5.0,-,-
sokoban-opt08-strips,p10,10.0,-,-
sokoban-opt08-strips,p11,16.0,-,-
sokoban-opt08-strips,p12,8.0,-,-
sokoban-opt08-strips,p13,4.0,-,-
sokoban-opt08-strips,p14,11.0,-,-
sokoban-opt08-strips,p15,57.0,-,-
sokoban-opt08-strips,p16,16.0,-,-
sokoban-opt08-strips,p17,6.0,-,-
sokoban-opt08-strips,p18,29.0,-,-
sokoban-opt08-strips,p19,27.0,-,-
sokoban-opt08-strips,p20,2.0,-,-
sokoban-opt08-strips,p21,2.0,-,-
sokoban-opt08-strips,p22,30.0,-,-
sokoban-opt08-strips,p23,15.0,-,-
sokoban-opt08-strips,p24,14.0,-,-
sokoban-opt08-strips,p25,25.0,-,-
sokoban-opt08-strips,p26,23.0,-,-
sokoban-opt08-strips,p27,11.0,-,-
sokoban-opt08-strips,p28,18.0,-,-
sokoban-opt08-strips,p29,15.0,-,-
sokoban-opt08-strips,p30,12.0,-,-
tpp,p01,4.0,-,-
tpp,p02,7.0,-,-
tpp,p03,10.0,-,-
tpp,p04,13.0,-,-
tpp,p05,17.0,-,-
tpp,p06,21.0,-,-
tpp,p07,26.0,-,-
tpp,p08,30.0,-,-
tpp,p09,35.0,-,-
tpp,p10,39.0,-,-
tpp,p11,30.0,-,-
tpp,p12,32.0,-,-
tpp,p13,31.0,-,-
tpp,p14,39.0,-,-
tpp,p15,45.0,-,-
tpp,p16,52.0,-,-
tpp,p17,50.0,-,-
tpp,p18,51.0,-,-
tpp,p19,62.0,-,-
tpp,p20,69.0,-,-
tpp,p21,60.0,-,-
tpp,p22,54.0,-,-
tpp,p23,63.0,-,-
tpp,p24,65.0,-,-
tpp,p25,-,71,74
tpp,p26,-,73,77
tpp,p27,-,79,83
tpp,p28,-,84,88
tpp,p29,-,101,102
tpp,p30,-,99,101
tpp,p01,4.0,-,-
tpp,p02,7.0,-,-
tpp,p03,10.0,-,-
tpp,p04,13.0,-,-
tpp,p05,17.0,-,-
tpp,p06,21.0,-,-
tpp,p07,26.0,-,-
tpp,p08,30.0,-,-
tpp,p09,35.0,-,-
tpp,p10,39.0,-,-
tpp,p11,30.0,-,-
tpp,p12,32.0,-,-
tpp,p13,31.0,-,-
tpp,p14,39.0,-,-
tpp,p15,45.0,-,-
tpp,p16,52.0,-,-
tpp,p17,50.0,-,-
tpp,p18,51.0,-,-
tpp,p19,62.0,-,-
tpp,p20,69.0,-,-
tpp,p21,60.0,-,-
tpp,p22,54.0,-,-
tpp,p23,63.0,-,-
tpp,p24,65.0,-,-
tpp,p25,-,71,74
tpp,p26,-,73,77
tpp,p27,-,79,83
tpp,p28,-,84,88
tpp,p29,-,101,102
tpp,p30,-,99,101
transport-opt08-strips,p01,54.0,-,-
transport-opt08-strips,p02,119.0,-,-
transport-opt08-strips,p03,165.0,-,-
transport-opt08-strips,p04,189.0,-,-
transport-opt08-strips,p05,227.0,-,-
transport-opt08-strips,p06,-,200,265
transport-opt08-strips,p07,-,219,317
transport-opt08-strips,p08,-,191,256
transport-opt08-strips,p09,-,172,298
transport-opt08-strips,p10,-,225,387
transport-opt08-strips,p11,245.0,-,-
transport-opt08-strips,p12,305.0,-,-
transport-opt08-strips,p13,318.0,-,-
transport-opt08-strips,p14,382.0,-,-
transport-opt08-strips,p15,343.0,-,-
transport-opt08-strips,p16,-,401,490
transport-opt08-strips,p17,552.0,-,-
transport-opt08-strips,p18,-,419,488
transport-opt08-strips,p19,-,430,539
transport-opt08-strips,p20,-,523,757
transport-opt08-strips,p21,320.0,-,-
transport-opt08-strips,p22,433.0,-,-
transport-opt08-strips,p23,505.0,-,-
transport-opt08-strips,p24,428.0,-,-
transport-opt08-strips,p25,549.0,-,-
transport-opt08-strips,p26,-,360,542
transport-opt08-strips,p27,528.0,-,-
transport-opt08-strips,p28,-,414,683
transport-opt08-strips,p29,-,433,727
transport-opt08-strips,p30,-,451,690
transport-opt08-strips,p01,54.0,-,-
transport-opt08-strips,p02,119.0,-,-
transport-opt08-strips,p03,165.0,-,-
transport-opt08-strips,p04,189.0,-,-
transport-opt08-strips,p05,227.0,-,-
transport-opt08-strips,p06,-,200,265
transport-opt08-strips,p07,-,219,317
transport-opt08-strips,p08,-,191,256
transport-opt08-strips,p09,-,172,298
transport-opt08-strips,p10,-,225,387
transport-opt08-strips,p11,245.0,-,-
transport-opt08-strips,p12,305.0,-,-
transport-opt08-strips,p13,318.0,-,-
transport-opt08-strips,p14,382.0,-,-
transport-opt08-strips,p15,343.0,-,-
transport-opt08-strips,p16,-,401,490
transport-opt08-strips,p17,552.0,-,-
transport-opt08-strips,p18,-,419,488
transport-opt08-strips,p19,-,430,539
transport-opt08-strips,p20,-,523,757
transport-opt08-strips,p21,320.0,-,-
transport-opt08-strips,p22,433.0,-,-
transport-opt08-strips,p23,505.0,-,-
transport-opt08-strips,p24,428.0,-,-
transport-opt08-strips,p25,549.0,-,-
transport-opt08-strips,p26,-,360,542
transport-opt08-strips,p27,528.0,-,-
transport-opt08-strips,p28,-,414,683
transport-opt08-strips,p29,-,433,727
transport-opt08-strips,p30,-,451,690
transport-opt11-strips,p01,505.0,-,-
transport-opt11-strips,p02,165.0,-,-
transport-opt11-strips,p03,305.0,-,-
transport-opt11-strips,p04,318.0,-,-
transport-opt11-strips,p05,428.0,-,-
transport-opt11-strips,p06,189.0,-,-
transport-opt11-strips,p07,170.0,-,-
transport-opt11-strips,p08,214.0,-,-
transport-opt11-strips,p09,151.0,-,-
transport-opt11-strips,p10,-,207,255
transport-opt11-strips,p11,404.0,-,-
transport-opt11-strips,p12,438.0,-,-
transport-opt11-strips,p13,224.0,-,-
transport-opt11-strips,p14,240.0,-,-
transport-opt11-strips,p15,589.0,-,-
transport-opt11-strips,p16,561.0,389,773
transport-opt11-strips,p16,561.0,389,773
transport-opt11-strips,p17,227.0,-,-
transport-opt11-strips,p18,382.0,-,-
transport-opt11-strips,p19,549.0,-,-
transport-opt11-strips,p20,-,202,265
transport-opt11-strips,p01,505.0,-,-
transport-opt11-strips,p02,165.0,-,-
transport-opt11-strips,p03,305.0,-,-
transport-opt11-strips,p04,318.0,-,-
transport-opt11-strips,p05,428.0,-,-
transport-opt11-strips,p06,189.0,-,-
transport-opt11-strips,p07,170.0,-,-
transport-opt11-strips,p08,214.0,-,-
transport-opt11-strips,p09,151.0,-,-
transport-opt11-strips,p10,-,207,255
transport-opt11-strips,p11,404.0,-,-
transport-opt11-strips,p12,438.0,-,-
transport-opt11-strips,p13,224.0,-,-
transport-opt11-strips,p14,240.0,-,-
transport-opt11-strips,p15,589.0,-,-
transport-opt11-strips,p16,561.0,389,773
transport-opt11-strips,p16,561.0,389,773
transport-opt11-strips,p17,227.0,-,-
transport-opt11-strips,p18,382.0,-,-
transport-opt11-strips,p19,549.0,-,-
transport-opt11-strips,p20,-,202,265
transport-sat08-strips,p01,54.0,-,-
transport-sat08-strips,p02,152.0,-,-
transport-sat08-strips,p03,-,158,211
transport-sat08-strips,p04,-,162,245
transport-sat08-strips,p05,-,182,292
transport-sat08-strips,p06,-,203,421
transport-sat08-strips,p07,-,237,427
transport-sat08-strips,p08,-,208,343
transport-sat08-strips,p09,-,200,468
transport-sat08-strips,p10,-,215,543
transport-sat08-strips,p11,262.0,-,-
transport-sat08-strips,p12,258.0,-,-
transport-sat08-strips,p13,370.0,-,-
transport-sat08-strips,p14,-,439,509
transport-sat08-strips,p15,-,429,517
transport-sat08-strips,p16,-,488,601
transport-sat08-strips,p17,-,590,746
transport-sat08-strips,p18,-,601,687
transport-sat08-strips,p19,-,669,772
transport-sat08-strips,p20,-,545,745
transport-sat08-strips,p21,386.0,-,-
transport-sat08-strips,p22,421.0,-,-
transport-sat08-strips,p23,512.0,-,-
transport-sat08-strips,p24,-,577,773
transport-sat08-strips,p25,-,481,703
transport-sat08-strips,p26,-,402,660
transport-sat08-strips,p27,-,446,866
transport-sat08-strips,p28,-,507,1123
transport-sat08-strips,p29,-,562,1228
transport-sat08-strips,p30,-,487,1393
transport-sat08-strips,p01,54.0,-,-
transport-sat08-strips,p02,152.0,-,-
transport-sat08-strips,p03,-,158,211
transport-sat08-strips,p04,-,162,245
transport-sat08-strips,p05,-,182,292
transport-sat08-strips,p06,-,203,421
transport-sat08-strips,p07,-,237,427
transport-sat08-strips,p08,-,208,343
transport-sat08-strips,p09,-,200,468
transport-sat08-strips,p10,-,215,543
transport-sat08-strips,p11,262.0,-,-
transport-sat08-strips,p12,258.0,-,-
transport-sat08-strips,p13,370.0,-,-
transport-sat08-strips,p14,-,439,509
transport-sat08-strips,p15,-,429,517
transport-sat08-strips,p16,-,488,601
transport-sat08-strips,p17,-,590,746
transport-sat08-strips,p18,-,601,687
transport-sat08-strips,p19,-,669,772
transport-sat08-strips,p20,-,545,745
transport-sat08-strips,p21,386.0,-,-
transport-sat08-strips,p22,421.0,-,-
transport-sat08-strips,p23,512.0,-,-
transport-sat08-strips,p24,-,577,773
transport-sat08-strips,p25,-,481,703
transport-sat08-strips,p26,-,402,660
transport-sat08-strips,p27,-,446,866
transport-sat08-strips,p28,-,507,1123
transport-sat08-strips,p29,-,562,1228
transport-sat08-strips,p30,-,487,1393
transport-sat11-strips,p01,-,217,339
transport-sat11-strips,p02,-,192,472
transport-sat11-strips,p03,-,586,1200
transport-sat11-strips,p04,-,479,601
transport-sat11-strips,p05,-,605,911
transport-sat11-strips,p06,-,601,685
transport-sat11-strips,p07,-,669,784
transport-sat11-strips,p08,-,214,554
transport-sat11-strips,p09,-,548,734
transport-sat11-strips,p10,-,481,1522
transport-sat11-strips,p11,-,274,570
transport-sat11-strips,p12,-,249,604
transport-sat11-strips,p13,-,262,671
transport-sat11-strips,p14,-,632,942
transport-sat11-strips,p15,-,794,937
transport-sat11-strips,p16,-,629,1235
transport-sat11-strips,p17,-,485,1521
transport-sat11-strips,p18,-,515,1392
transport-sat11-strips,p19,-,511,1731
transport-sat11-strips,p20,-,545,1716
trucks-strips,p01,11.0,-,-
trucks-strips,p02,14.0,-,-
trucks-strips,p03,17.0,-,-
trucks-strips,p04,20.0,-,-
trucks-strips,p05,23.0,-,-
trucks-strips,p06,26.0,-,-
trucks-strips,p07,20.0,-,-
trucks-strips,p08,24.0,-,-
trucks-strips,p09,26.0,-,-
trucks-strips,p10,30.0,-,-
trucks-strips,p11,33.0,-,-
trucks-strips,p12,36.0,-,-
trucks-strips,p13,30.0,-,-
trucks-strips,p14,-,32,34
trucks-strips,p15,-,35,37
trucks-strips,p16,-,37,40
trucks-strips,p17,-,41,43
trucks-strips,p18,-,43,46
trucks-strips,p19,-,38,41
trucks-strips,p20,-,41,44
trucks-strips,p21,-,44,47
trucks-strips,p22,-,47,50
trucks-strips,p23,-,50,53
trucks-strips,p24,-,53,56
trucks-strips,p25,-,46,50
trucks-strips,p26,-,49,54
trucks-strips,p27,-,53,57
trucks-strips,p28,-,56,60
trucks-strips,p29,-,59,63
trucks-strips,p30,-,62,66
trucks-strips,p01,11.0,-,-
trucks-strips,p02,14.0,-,-
trucks-strips,p03,17.0,-,-
trucks-strips,p04,20.0,-,-
trucks-strips,p05,23.0,-,-
trucks-strips,p06,26.0,-,-
trucks-strips,p07,20.0,-,-
trucks-strips,p08,24.0,-,-
trucks-strips,p09,26.0,-,-
trucks-strips,p10,30.0,-,-
trucks-strips,p11,33.0,-,-
trucks-strips,p12,36.0,-,-
trucks-strips,p13,30.0,-,-
trucks-strips,p14,-,32,34
trucks-strips,p15,-,35,37
trucks-strips,p16,-,37,40
trucks-strips,p17,-,41,43
trucks-strips,p18,-,43,46
trucks-strips,p19,-,38,41
trucks-strips,p20,-,41,44
trucks-strips,p21,-,44,47
trucks-strips,p22,-,47,50
trucks-strips,p23,-,50,53
trucks-strips,p24,-,53,56
trucks-strips,p25,-,46,50
trucks-strips,p26,-,49,54
trucks-strips,p27,-,53,57
trucks-strips,p28,-,56,60
trucks-strips,p29,-,59,63
trucks-strips,p30,-,62,66
woodworking-opt08-strips,p01,170.0,-,-
woodworking-opt08-strips,p02,185.0,-,-
woodworking-opt08-strips,p03,275.0,-,-
woodworking-opt08-strips,p04,235.0,-,-
woodworking-opt08-strips,p05,260.0,-,-
woodworking-opt08-strips,p06,430.0,-,-
woodworking-opt08-strips,p07,390,-,-
woodworking-opt08-strips,p08,420.0,-,-
woodworking-opt08-strips,p09,425.0,395,445
woodworking-opt08-strips,p09,425.0,395,445
woodworking-opt08-strips,p10,-,475,575
woodworking-opt08-strips,p11,130.0,-,-
woodworking-opt08-strips,p12,225.0,-,-
woodworking-opt08-strips,p13,195.0,-,-
woodworking-opt08-strips,p14,195.0,-,-
woodworking-opt08-strips,p15,270.0,-,-
woodworking-opt08-strips,p16,275.0,-,-
woodworking-opt08-strips,p17,-,275,290
woodworking-opt08-strips,p18,435.0,-,-
woodworking-opt08-strips,p19,395.0,-,-
woodworking-opt08-strips,p20,-,425,510
woodworking-opt08-strips,p21,95.0,-,-
woodworking-opt08-strips,p22,175.0,-,-
woodworking-opt08-strips,p23,195.0,-,-
woodworking-opt08-strips,p24,235.0,-,-
woodworking-opt08-strips,p25,380.0,-,-
woodworking-opt08-strips,p26,220.0,-,-
woodworking-opt08-strips,p27,-,310,375
woodworking-opt08-strips,p28,-,465,495
woodworking-opt08-strips,p29,535.0,-,-
woodworking-opt08-strips,p30,650.0,-,-
woodworking-opt08-strips,p01,170.0,-,-
woodworking-opt08-strips,p02,185.0,-,-
woodworking-opt08-strips,p03,275.0,-,-
woodworking-opt08-strips,p04,235.0,-,-
woodworking-opt08-strips,p05,260.0,-,-
woodworking-opt08-strips,p06,430.0,-,-
woodworking-opt08-strips,p07,390,-,-
woodworking-opt08-strips,p08,420.0,-,-
woodworking-opt08-strips,p09,425.0,395,445
woodworking-opt08-strips,p09,425.0,395,445
woodworking-opt08-strips,p10,-,475,575
woodworking-opt08-strips,p11,130.0,-,-
woodworking-opt08-strips,p12,225.0,-,-
woodworking-opt08-strips,p13,195.0,-,-
woodworking-opt08-strips,p14,195.0,-,-
woodworking-opt08-strips,p15,270.0,-,-
woodworking-opt08-strips,p16,275.0,-,-
woodworking-opt08-strips,p17,-,275,290
woodworking-opt08-strips,p18,435.0,-,-
woodworking-opt08-strips,p19,395.0,-,-
woodworking-opt08-strips,p20,-,425,510
woodworking-opt08-strips,p21,95.0,-,-
woodworking-opt08-strips,p22,175.0,-,-
woodworking-opt08-strips,p23,195.0,-,-
woodworking-opt08-strips,p24,235.0,-,-
woodworking-opt08-strips,p25,380.0,-,-
woodworking-opt08-strips,p26,220.0,-,-
woodworking-opt08-strips,p27,-,310,375
woodworking-opt08-strips,p28,-,465,495
woodworking-opt08-strips,p29,535.0,-,-
woodworking-opt08-strips,p30,650.0,-,-
woodworking-opt11-strips,p01,195.0,-,-
woodworking-opt11-strips,p02,225.0,-,-
woodworking-opt11-strips,p03,195.0,-,-
woodworking-opt11-strips,p04,275.0,-,-
woodworking-opt11-strips,p05,235.0,-,-
woodworking-opt11-strips,p06,235.0,-,-
woodworking-opt11-strips,p07,195.0,-,-
woodworking-opt11-strips,p08,380.0,-,-
woodworking-opt11-strips,p09,260.0,-,-
woodworking-opt11-strips,p10,270.0,-,-
woodworking-opt11-strips,p11,220.0,-,-
woodworking-opt11-strips,p12,275.0,-,-
woodworking-opt11-strips,p13,430.0,-,-
woodworking-opt11-strips,p14,-,310,400
woodworking-opt11-strips,p15,280.0,-,-
woodworking-opt11-strips,p16,390.0,-,-
woodworking-opt11-strips,p17,-,465,475
woodworking-opt11-strips,p18,435.0,-,-
woodworking-opt11-strips,p19,-,400,420
woodworking-opt11-strips,p20,535.0,-,-
woodworking-opt11-strips,p01,195.0,-,-
woodworking-opt11-strips,p02,225.0,-,-
woodworking-opt11-strips,p03,195.0,-,-
woodworking-opt11-strips,p04,275.0,-,-
woodworking-opt11-strips,p05,235.0,-,-
woodworking-opt11-strips,p06,235.0,-,-
woodworking-opt11-strips,p07,195.0,-,-
woodworking-opt11-strips,p08,380.0,-,-
woodworking-opt11-strips,p09,260.0,-,-
woodworking-opt11-strips,p10,270.0,-,-
woodworking-opt11-strips,p11,220.0,-,-
woodworking-opt11-strips,p12,275.0,-,-
woodworking-opt11-strips,p13,430.0,-,-
woodworking-opt11-strips,p14,-,310,400
woodworking-opt11-strips,p15,280.0,-,-
woodworking-opt11-strips,p16,390.0,-,-
woodworking-opt11-strips,p17,-,465,475
woodworking-opt11-strips,p18,435.0,-,-
woodworking-opt11-strips,p19,-,400,420
woodworking-opt11-strips,p20,535.0,-,-
woodworking-sat08-strips,p01,110.0,-,-
woodworking-sat08-strips,p02,255.0,-,-
woodworking-sat08-strips,p03,425.0,-,-
woodworking-sat08-strips,p04,-,685,inf
woodworking-sat08-strips,p05,-,460,inf
woodworking-sat08-strips,p06,-,640,1075
woodworking-sat08-strips,p07,-,880,1490
woodworking-sat08-strips,p08,-,1030,1525
woodworking-sat08-strips,p09,-,960,1635
woodworking-sat08-strips,p10,-,1050,1695
woodworking-sat08-strips,p11,50.0,-,-
woodworking-sat08-strips,p12,270.0,-,-
woodworking-sat08-strips,p13,-,425,inf
woodworking-sat08-strips,p14,455.0,-,-
woodworking-sat08-strips,p15,-,750,880
woodworking-sat08-strips,p16,-,630,inf
woodworking-sat08-strips,p17,-,805,1060
woodworking-sat08-strips,p18,-,865,1355
woodworking-sat08-strips,p19,-,945,inf
woodworking-sat08-strips,p20,-,1130,1825
woodworking-sat08-strips,p21,165.0,-,-
woodworking-sat08-strips,p22,205.0,-,-
woodworking-sat08-strips,p23,385.0,-,-
woodworking-sat08-strips,p24,-,530,inf
woodworking-sat08-strips,p25,-,500,inf
woodworking-sat08-strips,p26,-,840,inf
woodworking-sat08-strips,p27,-,665,inf
woodworking-sat08-strips,p28,-,1210,1735
woodworking-sat08-strips,p29,-,1070,inf
woodworking-sat08-strips,p30,-,1075,1720
woodworking-sat08-strips,p01,110.0,-,-
woodworking-sat08-strips,p02,255.0,-,-
woodworking-sat08-strips,p03,425.0,-,-
woodworking-sat08-strips,p04,-,685,inf
woodworking-sat08-strips,p05,-,460,inf
woodworking-sat08-strips,p06,-,640,1075
woodworking-sat08-strips,p07,-,880,1490
woodworking-sat08-strips,p08,-,1030,1525
woodworking-sat08-strips,p09,-,960,1635
woodworking-sat08-strips,p10,-,1050,1695
woodworking-sat08-strips,p11,50.0,-,-
woodworking-sat08-strips,p12,270.0,-,-
woodworking-sat08-strips,p13,-,425,inf
woodworking-sat08-strips,p14,455.0,-,-
woodworking-sat08-strips,p15,-,750,880
woodworking-sat08-strips,p16,-,630,inf
woodworking-sat08-strips,p17,-,805,1060
woodworking-sat08-strips,p18,-,865,1355
woodworking-sat08-strips,p19,-,945,inf
woodworking-sat08-strips,p20,-,1130,1825
woodworking-sat08-strips,p21,165.0,-,-
woodworking-sat08-strips,p22,205.0,-,-
woodworking-sat08-strips,p23,385.0,-,-
woodworking-sat08-strips,p24,-,530,inf
woodworking-sat08-strips,p25,-,500,inf
woodworking-sat08-strips,p26,-,840,inf
woodworking-sat08-strips,p27,-,665,inf
woodworking-sat08-strips,p28,-,1210,1735
woodworking-sat08-strips,p29,-,1070,inf
woodworking-sat08-strips,p30,-,1075,1720
woodworking-sat11-strips,p01,-,810,1290
woodworking-sat11-strips,p02,-,1040,1565
woodworking-sat11-strips,p03,-,975,1245
woodworking-sat11-strips,p04,-,960,1630
woodworking-sat11-strips,p05,-,1100,1785
woodworking-sat11-strips,p06,-,1040,1755
woodworking-sat11-strips,p07,-,1240,1770
woodworking-sat11-strips,p08,-,1080,1635
woodworking-sat11-strips,p09,-,885,1270
woodworking-sat11-strips,p10,50.0,-,-
woodworking-sat11-strips,p11,-,1265,1890
woodworking-sat11-strips,p12,-,1235,1955
woodworking-sat11-strips,p13,-,1305,2185
woodworking-sat11-strips,p14,-,1015,1395
woodworking-sat11-strips,p15,-,1465,2295
woodworking-sat11-strips,p16,-,1295,2170
woodworking-sat11-strips,p17,-,610,1025
woodworking-sat11-strips,p18,-,1035,1535
woodworking-sat11-strips,p19,-,860,1435
woodworking-sat11-strips,p20,-,900,1410
woodworking-sat11-strips,p01,-,810,1290
woodworking-sat11-strips,p02,-,1040,1565
woodworking-sat11-strips,p03,-,975,1245
woodworking-sat11-strips,p04,-,960,1630
woodworking-sat11-strips,p05,-,1100,1785
woodworking-sat11-strips,p06,-,1040,1755
woodworking-sat11-strips,p07,-,1240,1770
woodworking-sat11-strips,p08,-,1080,1635
woodworking-sat11-strips,p09,-,885,1270
woodworking-sat11-strips,p10,50.0,-,-
woodworking-sat11-strips,p11,-,1265,1890
woodworking-sat11-strips,p12,-,1235,1955
woodworking-sat11-strips,p13,-,1305,2185
woodworking-sat11-strips,p14,-,1015,1395
woodworking-sat11-strips,p15,-,1465,2295
woodworking-sat11-strips,p16,-,1295,2170
woodworking-sat11-strips,p17,-,610,1025
woodworking-sat11-strips,p18,-,1035,1535
woodworking-sat11-strips,p19,-,860,1435
woodworking-sat11-strips,p20,-,900,1410
zenotravel,pfile1,1.0,-,-
zenotravel,pfile10,20.0,-,-
zenotravel,pfile11,12.0,-,-
zenotravel,pfile12,19.0,-,-
zenotravel,pfile13,23.0,-,-
zenotravel,pfile14,-,27,28
zenotravel,pfile15,-,30,32
zenotravel,pfile16,-,36,39
zenotravel,pfile17,-,50,53
zenotravel,pfile18,-,49,51
zenotravel,pfile19,-,57,60
zenotravel,pfile2,4.0,-,-
zenotravel,pfile20,-,67,68
zenotravel,pfile3,5.0,-,-
zenotravel,pfile4,6.0,-,-
zenotravel,pfile5,11.0,-,-
zenotravel,pfile6,11.0,-,-
zenotravel,pfile7,11.0,-,-
zenotravel,pfile8,10.0,-,-
zenotravel,pfile9,18.0,-,-
zenotravel,pfile1,1.0,-,-
zenotravel,pfile10,20.0,-,-
zenotravel,pfile11,12.0,-,-
zenotravel,pfile12,19.0,-,-
zenotravel,pfile13,23.0,-,-
zenotravel,pfile14,-,27,28
zenotravel,pfile15,-,30,32
zenotravel,pfile16,-,36,39
zenotravel,pfile17,-,50,53
zenotravel,pfile18,-,49,51
zenotravel,pfile19,-,57,60
zenotravel,pfile2,4.0,-,-
zenotravel,pfile20,-,67,68
zenotravel,pfile3,5.0,-,-
zenotravel,pfile4,6.0,-,-
zenotravel,pfile5,11.0,-,-
zenotravel,pfile6,11.0,-,-
zenotravel,pfile7,11.0,-,-
zenotravel,pfile8,10.0,-,-
zenotravel,pfile9,18.0,-,-
