domain,task,h_plus,h_plus_lower_bound
airport,p01-airport1-p1,8,-
airport,p02-airport1-p1,9,-
airport,p03-airport1-p2,17,-
airport,p04-airport2-p1,20,-
airport,p05-airport2-p1,21,-
airport,p06-airport2-p2,41,-
airport,p07-airport2-p2,41,-
airport,p08-airport2-p3,62,-
airport,p09-airport2-p4,71,-
airport,p10-airport3-p1,18,-
airport,p11-airport3-p1,21,-
airport,p12-airport3-p2,39,-
airport,p13-airport3-p2,37,-
airport,p14-airport3-p3,60,-
airport,p15-airport3-p3,58,-
airport,p16-airport3-p4,79,-
airport,p17-airport3-p5,88,-
airport,p18-airport3-p6,107,-
airport,p19-airport3-p6,90,-
airport,p20-airport3-p7,115,-
airport,p21-airport4halfMUC-p2,101,-
airport,p22-airport4halfMUC-p3,148,-
airport,p23-airport4halfMUC-p4,168,-
airport,p24-airport4halfMUC-p4,162,-
airport,p25-airport4halfMUC-p5,212,-
airport,p26-airport4halfMUC-p6,220,-
airport,p27-airport4halfMUC-p6,246,-
airport,p28-airport4halfMUC-p7,294,-
airport,p29-airport4halfMUC-p8,308,-
airport,p30-airport4halfMUC-p8,310,-
airport,p31-airport4halfMUC-p9,358,-
airport,p32-airport4halfMUC-p10,390,-
airport,p33-airport4halfMUC-p10,393,-
airport,p34-airport4halfMUC-p11,-,427
airport,p35-airport4halfMUC-p12,-,433
airport,p36-airport5MUC-p2,109,-
airport,p37-airport5MUC-p3,141,-
airport,p38-airport5MUC-p3,154,-
airport,p39-airport5MUC-p4,208,-
airport,p40-airport5MUC-p4,190,-
airport,p41-airport5MUC-p4,178,-
airport,p42-airport5MUC-p5,257,-
airport,p43-airport5MUC-p5,223,-
airport,p44-airport5MUC-p5,227,-
airport,p45-airport5MUC-p6,249,-
airport,p46-airport5MUC-p6,290,-
airport,p47-airport5MUC-p8,355,-
airport,p48-airport5MUC-p9,-,423
airport,p49-airport5MUC-p10,-,451
airport,p50-airport5MUC-p15,-,685
airport,p01-airport1-p1,8,-
airport,p02-airport1-p1,9,-
airport,p03-airport1-p2,17,-
airport,p04-airport2-p1,20,-
airport,p05-airport2-p1,21,-
airport,p06-airport2-p2,41,-
airport,p07-airport2-p2,41,-
airport,p08-airport2-p3,62,-
airport,p09-airport2-p4,71,-
airport,p10-airport3-p1,18,-
airport,p11-airport3-p1,21,-
airport,p12-airport3-p2,39,-
airport,p13-airport3-p2,37,-
airport,p14-airport3-p3,60,-
airport,p15-airport3-p3,58,-
airport,p16-airport3-p4,79,-
airport,p17-airport3-p5,88,-
airport,p18-airport3-p6,107,-
airport,p19-airport3-p6,90,-
airport,p20-airport3-p7,115,-
airport,p21-airport4halfMUC-p2,101,-
airport,p22-airport4halfMUC-p3,148,-
airport,p23-airport4halfMUC-p4,168,-
airport,p24-airport4halfMUC-p4,162,-
airport,p25-airport4halfMUC-p5,212,-
airport,p26-airport4halfMUC-p6,220,-
airport,p27-airport4halfMUC-p6,246,-
airport,p28-airport4halfMUC-p7,294,-
airport,p29-airport4halfMUC-p8,308,-
airport,p30-airport4halfMUC-p8,310,-
airport,p31-airport4halfMUC-p9,358,-
airport,p32-airport4halfMUC-p10,390,-
airport,p33-airport4halfMUC-p10,393,-
airport,p34-airport4halfMUC-p11,-,427
airport,p35-airport4halfMUC-p12,-,433
airport,p36-airport5MUC-p2,109,-
airport,p37-airport5MUC-p3,141,-
airport,p38-airport5MUC-p3,154,-
airport,p39-airport5MUC-p4,208,-
airport,p40-airport5MUC-p4,190,-
airport,p41-airport5MUC-p4,178,-
airport,p42-airport5MUC-p5,257,-
airport,p43-airport5MUC-p5,223,-
airport,p44-airport5MUC-p5,227,-
airport,p45-airport5MUC-p6,249,-
airport,p46-airport5MUC-p6,290,-
airport,p47-airport5MUC-p8,355,-
airport,p48-airport5MUC-p9,-,423
airport,p49-airport5MUC-p10,-,451
airport,p50-airport5MUC-p15,-,685
blocks,probBLOCKS-10-0,18,-
blocks,probBLOCKS-10-1,19,-
blocks,probBLOCKS-10-2,19,-
blocks,probBLOCKS-11-0,19,-
blocks,probBLOCKS-11-1,21,-
blocks,probBLOCKS-11-2,19,-
blocks,probBLOCKS-12-0,22,-
blocks,probBLOCKS-12-1,22,-
blocks,probBLOCKS-13-0,24,-
blocks,probBLOCKS-13-1,25,-
blocks,probBLOCKS-14-0,25,-
blocks,probBLOCKS-14-1,27,-
blocks,probBLOCKS-15-0,28,-
blocks,probBLOCKS-15-1,28,-
blocks,probBLOCKS-16-1,31,-
blocks,probBLOCKS-16-2,28,-
blocks,probBLOCKS-17-0,33,-
blocks,probBLOCKS-4-0,6,-
blocks,probBLOCKS-4-1,6,-
blocks,probBLOCKS-4-2,6,-
blocks,probBLOCKS-5-0,8,-
blocks,probBLOCKS-5-1,7,-
blocks,probBLOCKS-5-2,9,-
blocks,probBLOCKS-6-0,11,-
blocks,probBLOCKS-6-1,10,-
blocks,probBLOCKS-6-2,11,-
blocks,probBLOCKS-7-0,13,-
blocks,probBLOCKS-7-1,12,-
blocks,probBLOCKS-7-2,12,-
blocks,probBLOCKS-8-0,13,-
blocks,probBLOCKS-8-1,13,-
blocks,probBLOCKS-8-2,14,-
blocks,probBLOCKS-9-0,16,-
blocks,probBLOCKS-9-1,16,-
blocks,probBLOCKS-9-2,17,-
depot,pfile1,10,-
depot,pfile10,22,-
depot,pfile11,-,39
depot,pfile12,-,45
depot,pfile13,24,-
depot,pfile14,23,-
depot,pfile15,-,44
depot,pfile16,-,23
depot,pfile17,-,22
depot,pfile18,-,47
depot,pfile19,-,32
depot,pfile2,14,-
depot,pfile20,-,48
depot,pfile21,32,-
depot,pfile22,-,73
depot,pfile3,22,-
depot,pfile4,17,-
depot,pfile5,-,32
depot,pfile6,-,39
depot,pfile7,18,-
depot,pfile8,27,-
depot,pfile9,-,43
depot,pfile1,10,-
depot,pfile10,22,-
depot,pfile11,-,39
depot,pfile12,-,45
depot,pfile13,24,-
depot,pfile14,23,-
depot,pfile15,-,44
depot,pfile16,-,23
depot,pfile17,-,22
depot,pfile18,-,47
depot,pfile19,-,32
depot,pfile2,14,-
depot,pfile20,-,48
depot,pfile21,32,-
depot,pfile22,-,73
depot,pfile3,22,-
depot,pfile4,17,-
depot,pfile5,-,32
depot,pfile6,-,39
depot,pfile7,18,-
depot,pfile8,27,-
depot,pfile9,-,43
driverlog,pfile1,6,-
driverlog,pfile10,16,-
driverlog,pfile11,18,-
driverlog,pfile12,24,-
driverlog,pfile13,21,-
driverlog,pfile14,25,-
driverlog,pfile15,30,-
driverlog,pfile16,-,42
driverlog,pfile17,-,47
driverlog,pfile18,-,51
driverlog,pfile19,-,66
driverlog,pfile2,14,-
driverlog,pfile20,-,65
driverlog,pfile3,11,-
driverlog,pfile4,12,-
driverlog,pfile5,15,-
driverlog,pfile6,10,-
driverlog,pfile7,12,-
driverlog,pfile8,15,-
driverlog,pfile9,18,-
driverlog,pfile1,6,-
driverlog,pfile10,16,-
driverlog,pfile11,18,-
driverlog,pfile12,24,-
driverlog,pfile13,21,-
driverlog,pfile14,25,-
driverlog,pfile15,30,-
driverlog,pfile16,-,42
driverlog,pfile17,-,47
driverlog,pfile18,-,51
driverlog,pfile19,-,66
driverlog,pfile2,14,-
driverlog,pfile20,-,65
driverlog,pfile3,11,-
driverlog,pfile4,12,-
driverlog,pfile5,15,-
driverlog,pfile6,10,-
driverlog,pfile7,12,-
driverlog,pfile8,15,-
driverlog,pfile9,18,-
freecell,pfile1,8,-
freecell,pfile10,-,31
freecell,pfile11,-,23
freecell,pfile12,-,32
freecell,pfile13,-,33
freecell,pfile14,-,18
freecell,pfile15,-,26
freecell,pfile16,-,41
freecell,pfile17,-,22
freecell,pfile18,-,25
freecell,pfile19,-,26
freecell,pfile2,14,-
freecell,pfile20,-,24
freecell,pfile3,-,16
freecell,pfile4,-,19
freecell,pfile5,-,19
freecell,pfile6,-,18
freecell,pfile7,-,25
freecell,pfile8,-,32
freecell,pfile9,-,29
freecell,probfreecell-10-1,-,38
freecell,probfreecell-10-2,-,18
freecell,probfreecell-10-3,-,18
freecell,probfreecell-10-4,-,27
freecell,probfreecell-10-5,-,19
freecell,probfreecell-11-1,-,44
freecell,probfreecell-11-2,-,20
freecell,probfreecell-11-3,-,19
freecell,probfreecell-11-4,-,37
freecell,probfreecell-11-5,-,46
freecell,probfreecell-12-1,-,23
freecell,probfreecell-12-2,-,21
freecell,probfreecell-12-3,-,24
freecell,probfreecell-12-4,-,49
freecell,probfreecell-12-5,-,53
freecell,probfreecell-13-1,-,38
freecell,probfreecell-13-2,-,40
freecell,probfreecell-13-3,-,22
freecell,probfreecell-13-4,-,55
freecell,probfreecell-13-5,-,27
freecell,probfreecell-2-1,9,-
freecell,probfreecell-2-2,8,-
freecell,probfreecell-2-3,8,-
freecell,probfreecell-2-4,8,-
freecell,probfreecell-2-5,9,-
freecell,probfreecell-3-1,-,10
freecell,probfreecell-3-2,-,10
freecell,probfreecell-3-3,-,12
freecell,probfreecell-3-4,-,9
freecell,probfreecell-3-5,-,9
freecell,probfreecell-4-1,-,13
freecell,probfreecell-4-2,-,10
freecell,probfreecell-4-3,-,15
freecell,probfreecell-4-4,-,15
freecell,probfreecell-4-5,-,10
freecell,probfreecell-5-1,-,12
freecell,probfreecell-5-2,-,11
freecell,probfreecell-5-3,-,13
freecell,probfreecell-5-4,-,11
freecell,probfreecell-5-5,-,13
freecell,probfreecell-6-1,-,13
freecell,probfreecell-6-2,-,13
freecell,probfreecell-6-3,-,24
freecell,probfreecell-6-4,-,13
freecell,probfreecell-6-5,-,13
freecell,probfreecell-7-1,-,24
freecell,probfreecell-7-2,-,14
freecell,probfreecell-7-3,-,15
freecell,probfreecell-7-4,-,15
freecell,probfreecell-7-5,-,15
freecell,probfreecell-8-1,-,30
freecell,probfreecell-8-2,-,29
freecell,probfreecell-8-3,-,26
freecell,probfreecell-8-4,-,16
freecell,probfreecell-8-5,-,18
freecell,probfreecell-9-1,-,34
freecell,probfreecell-9-2,-,17
freecell,probfreecell-9-3,-,18
freecell,probfreecell-9-4,-,18
freecell,probfreecell-9-5,-,18
freecell,pfile1,8,-
freecell,pfile10,-,31
freecell,pfile11,-,23
freecell,pfile12,-,32
freecell,pfile13,-,33
freecell,pfile14,-,18
freecell,pfile15,-,26
freecell,pfile16,-,41
freecell,pfile17,-,22
freecell,pfile18,-,25
freecell,pfile19,-,26
freecell,pfile2,14,-
freecell,pfile20,-,24
freecell,pfile3,-,16
freecell,pfile4,-,19
freecell,pfile5,-,19
freecell,pfile6,-,18
freecell,pfile7,-,25
freecell,pfile8,-,32
freecell,pfile9,-,29
freecell,probfreecell-10-1,-,38
freecell,probfreecell-10-2,-,18
freecell,probfreecell-10-3,-,18
freecell,probfreecell-10-4,-,27
freecell,probfreecell-10-5,-,19
freecell,probfreecell-11-1,-,44
freecell,probfreecell-11-2,-,20
freecell,probfreecell-11-3,-,19
freecell,probfreecell-11-4,-,37
freecell,probfreecell-11-5,-,46
freecell,probfreecell-12-1,-,23
freecell,probfreecell-12-2,-,21
freecell,probfreecell-12-3,-,24
freecell,probfreecell-12-4,-,49
freecell,probfreecell-12-5,-,53
freecell,probfreecell-13-1,-,38
freecell,probfreecell-13-2,-,40
freecell,probfreecell-13-3,-,22
freecell,probfreecell-13-4,-,55
freecell,probfreecell-13-5,-,27
freecell,probfreecell-2-1,9,-
freecell,probfreecell-2-2,8,-
freecell,probfreecell-2-3,8,-
freecell,probfreecell-2-4,8,-
freecell,probfreecell-2-5,9,-
freecell,probfreecell-3-1,-,10
freecell,probfreecell-3-2,-,10
freecell,probfreecell-3-3,-,12
freecell,probfreecell-3-4,-,9
freecell,probfreecell-3-5,-,9
freecell,probfreecell-4-1,-,13
freecell,probfreecell-4-2,-,10
freecell,probfreecell-4-3,-,15
freecell,probfreecell-4-4,-,15
freecell,probfreecell-4-5,-,10
freecell,probfreecell-5-1,-,12
freecell,probfreecell-5-2,-,11
freecell,probfreecell-5-3,-,13
freecell,probfreecell-5-4,-,11
freecell,probfreecell-5-5,-,13
freecell,probfreecell-6-1,-,13
freecell,probfreecell-6-2,-,13
freecell,probfreecell-6-3,-,24
freecell,probfreecell-6-4,-,13
freecell,probfreecell-6-5,-,13
freecell,probfreecell-7-1,-,24
freecell,probfreecell-7-2,-,14
freecell,probfreecell-7-3,-,15
freecell,probfreecell-7-4,-,15
freecell,probfreecell-7-5,-,15
freecell,probfreecell-8-1,-,30
freecell,probfreecell-8-2,-,29
freecell,probfreecell-8-3,-,26
freecell,probfreecell-8-4,-,16
freecell,probfreecell-8-5,-,18
freecell,probfreecell-9-1,-,34
freecell,probfreecell-9-2,-,17
freecell,probfreecell-9-3,-,18
freecell,probfreecell-9-4,-,18
freecell,probfreecell-9-5,-,18
gripper,prob01,9,-
gripper,prob02,13,-
gripper,prob03,17,-
gripper,prob04,21,-
gripper,prob05,25,-
gripper,prob06,29,-
gripper,prob07,33,-
gripper,prob08,37,-
gripper,prob09,41,-
gripper,prob10,45,-
gripper,prob11,49,-
gripper,prob12,53,-
gripper,prob13,57,-
gripper,prob14,61,-
gripper,prob15,65,-
gripper,prob16,69,-
gripper,prob17,73,-
gripper,prob18,77,-
gripper,prob19,81,-
gripper,prob20,85,-
logistics00,probLOGISTICS-10-0,41,-
logistics00,probLOGISTICS-10-1,39,-
logistics00,probLOGISTICS-11-0,45,-
logistics00,probLOGISTICS-11-1,55,-
logistics00,probLOGISTICS-12-0,39,-
logistics00,probLOGISTICS-12-1,63,-
logistics00,probLOGISTICS-13-0,-,67
logistics00,probLOGISTICS-13-1,57,-
logistics00,probLOGISTICS-14-0,55,-
logistics00,probLOGISTICS-14-1,67,-
logistics00,probLOGISTICS-15-0,71,-
logistics00,probLOGISTICS-15-1,-,63
logistics00,probLOGISTICS-4-0,19,-
logistics00,probLOGISTICS-4-1,17,-
logistics00,probLOGISTICS-4-2,13,-
logistics00,probLOGISTICS-5-0,25,-
logistics00,probLOGISTICS-5-1,15,-
logistics00,probLOGISTICS-5-2,8,-
logistics00,probLOGISTICS-6-0,23,-
logistics00,probLOGISTICS-6-1,13,-
logistics00,probLOGISTICS-6-2,23,-
logistics00,probLOGISTICS-6-9,21,-
logistics00,probLOGISTICS-7-0,33,-
logistics00,probLOGISTICS-7-1,39,-
logistics00,probLOGISTICS-8-0,29,-
logistics00,probLOGISTICS-8-1,41,-
logistics00,probLOGISTICS-9-0,33,-
logistics00,probLOGISTICS-9-1,29,-
logistics00,probLOGISTICS-10-0,41,-
logistics00,probLOGISTICS-10-1,39,-
logistics00,probLOGISTICS-11-0,45,-
logistics00,probLOGISTICS-11-1,55,-
logistics00,probLOGISTICS-12-0,39,-
logistics00,probLOGISTICS-12-1,63,-
logistics00,probLOGISTICS-13-0,-,67
logistics00,probLOGISTICS-13-1,57,-
logistics00,probLOGISTICS-14-0,55,-
logistics00,probLOGISTICS-14-1,67,-
logistics00,probLOGISTICS-15-0,71,-
logistics00,probLOGISTICS-15-1,-,63
logistics00,probLOGISTICS-4-0,19,-
logistics00,probLOGISTICS-4-1,17,-
logistics00,probLOGISTICS-4-2,13,-
logistics00,probLOGISTICS-5-0,25,-
logistics00,probLOGISTICS-5-1,15,-
logistics00,probLOGISTICS-5-2,8,-
logistics00,probLOGISTICS-6-0,23,-
logistics00,probLOGISTICS-6-1,13,-
logistics00,probLOGISTICS-6-2,23,-
logistics00,probLOGISTICS-6-9,21,-
logistics00,probLOGISTICS-7-0,33,-
logistics00,probLOGISTICS-7-1,39,-
logistics00,probLOGISTICS-8-0,29,-
logistics00,probLOGISTICS-8-1,41,-
logistics00,probLOGISTICS-9-0,33,-
logistics00,probLOGISTICS-9-1,29,-
logistics98,prob01,24,-
logistics98,prob02,28,-
logistics98,prob03,50,-
logistics98,prob04,-,52
logistics98,prob05,22,-
logistics98,prob06,-,64
logistics98,prob07,29,-
logistics98,prob08,-,36
logistics98,prob09,-,72
logistics98,prob10,-,92
logistics98,prob11,-,27
logistics98,prob12,-,37
logistics98,prob13,-,65
logistics98,prob14,-,77
logistics98,prob15,-,81
logistics98,prob16,-,49
logistics98,prob17,-,40
logistics98,prob18,-,150
logistics98,prob19,-,122
logistics98,prob20,-,123
logistics98,prob21,-,89
logistics98,prob22,-,241
logistics98,prob23,-,97
logistics98,prob24,-,35
logistics98,prob25,-,175
logistics98,prob26,-,171
logistics98,prob27,-,130
logistics98,prob28,-,228
logistics98,prob29,-,263
logistics98,prob30,-,117
logistics98,prob31,12,-
logistics98,prob32,18,-
logistics98,prob33,25,-
logistics98,prob34,-,40
logistics98,prob35,29,-
logistics98,prob01,24,-
logistics98,prob02,28,-
logistics98,prob03,50,-
logistics98,prob04,-,52
logistics98,prob05,22,-
logistics98,prob06,-,64
logistics98,prob07,29,-
logistics98,prob08,-,36
logistics98,prob09,-,72
logistics98,prob10,-,92
logistics98,prob11,-,27
logistics98,prob12,-,37
logistics98,prob13,-,65
logistics98,prob14,-,77
logistics98,prob15,-,81
logistics98,prob16,-,49
logistics98,prob17,-,40
logistics98,prob18,-,150
logistics98,prob19,-,122
logistics98,prob20,-,123
logistics98,prob21,-,89
logistics98,prob22,-,241
logistics98,prob23,-,97
logistics98,prob24,-,35
logistics98,prob25,-,175
logistics98,prob26,-,171
logistics98,prob27,-,130
logistics98,prob28,-,228
logistics98,prob29,-,263
logistics98,prob30,-,117
logistics98,prob31,12,-
logistics98,prob32,18,-
logistics98,prob33,25,-
logistics98,prob34,-,40
logistics98,prob35,29,-
miconic,s1-0,3,-
miconic,s1-1,3,-
miconic,s1-2,3,-
miconic,s1-3,3,-
miconic,s1-4,3,-
miconic,s10-0,33,-
miconic,s10-1,32,-
miconic,s10-2,31,-
miconic,s10-3,34,-
miconic,s10-4,32,-
miconic,s11-0,36,-
miconic,s11-1,34,-
miconic,s11-2,37,-
miconic,s11-3,37,-
miconic,s11-4,34,-
miconic,s12-0,40,-
miconic,s12-1,40,-
miconic,s12-2,39,-
miconic,s12-3,38,-
miconic,s12-4,41,-
miconic,s13-0,43,-
miconic,s13-1,41,-
miconic,s13-2,46,-
miconic,s13-3,43,-
miconic,s13-4,41,-
miconic,s14-0,45,-
miconic,s14-1,47,-
miconic,s14-2,49,-
miconic,s14-3,42,-
miconic,s14-4,45,-
miconic,s15-0,46,-
miconic,s15-1,49,-
miconic,s15-2,49,-
miconic,s15-3,50,-
miconic,s15-4,46,-
miconic,s16-0,53,-
miconic,s16-1,52,-
miconic,s16-2,54,-
miconic,s16-3,51,-
miconic,s16-4,53,-
miconic,s17-0,55,-
miconic,s17-1,54,-
miconic,s17-2,54,-
miconic,s17-3,59,-
miconic,s17-4,54,-
miconic,s18-0,59,-
miconic,s18-1,58,-
miconic,s18-2,58,-
miconic,s18-3,59,-
miconic,s18-4,56,-
miconic,s19-0,62,-
miconic,s19-1,65,-
miconic,s19-2,61,-
miconic,s19-3,63,-
miconic,s19-4,62,-
miconic,s2-0,7,-
miconic,s2-1,6,-
miconic,s2-2,6,-
miconic,s2-3,7,-
miconic,s2-4,6,-
miconic,s20-0,63,-
miconic,s20-1,66,-
miconic,s20-2,62,-
miconic,s20-3,63,-
miconic,s20-4,64,-
miconic,s21-0,69,-
miconic,s21-1,69,-
miconic,s21-2,69,-
miconic,s21-3,66,-
miconic,s21-4,70,-
miconic,s22-0,72,-
miconic,s22-1,70,-
miconic,s22-2,71,-
miconic,s22-3,75,-
miconic,s22-4,71,-
miconic,s23-0,75,-
miconic,s23-1,74,-
miconic,s23-2,73,-
miconic,s23-3,71,-
miconic,s23-4,74,-
miconic,s24-0,79,-
miconic,s24-1,78,-
miconic,s24-2,77,-
miconic,s24-3,79,-
miconic,s24-4,77,-
miconic,s25-0,81,-
miconic,s25-1,85,-
miconic,s25-2,78,-
miconic,s25-3,84,-
miconic,s25-4,82,-
miconic,s26-0,83,-
miconic,s26-1,83,-
miconic,s26-2,90,-
miconic,s26-3,88,-
miconic,s26-4,82,-
miconic,s27-0,87,-
miconic,s27-1,91,-
miconic,s27-2,87,-
miconic,s27-3,89,-
miconic,s27-4,88,-
miconic,s28-0,94,-
miconic,s28-1,92,-
miconic,s28-2,93,-
miconic,s28-3,87,-
miconic,s28-4,92,-
miconic,s29-0,94,-
miconic,s29-1,91,-
miconic,s29-2,95,-
miconic,s29-3,96,-
miconic,s29-4,99,-
miconic,s3-0,10,-
miconic,s3-1,10,-
miconic,s3-2,9,-
miconic,s3-3,9,-
miconic,s3-4,9,-
miconic,s30-0,95,-
miconic,s30-1,98,-
miconic,s30-2,96,-
miconic,s30-3,100,-
miconic,s30-4,99,-
miconic,s4-0,14,-
miconic,s4-1,13,-
miconic,s4-2,14,-
miconic,s4-3,14,-
miconic,s4-4,15,-
miconic,s5-0,17,-
miconic,s5-1,16,-
miconic,s5-2,14,-
miconic,s5-3,17,-
miconic,s5-4,17,-
miconic,s6-0,18,-
miconic,s6-1,19,-
miconic,s6-2,19,-
miconic,s6-3,18,-
miconic,s6-4,20,-
miconic,s7-0,23,-
miconic,s7-1,24,-
miconic,s7-2,22,-
miconic,s7-3,22,-
miconic,s7-4,25,-
miconic,s8-0,27,-
miconic,s8-1,26,-
miconic,s8-2,25,-
miconic,s8-3,27,-
miconic,s8-4,26,-
miconic,s9-0,30,-
miconic,s9-1,29,-
miconic,s9-2,29,-
miconic,s9-3,31,-
miconic,s9-4,27,-
mprime,prob01,5,-
mprime,prob02,7,-
mprime,prob03,4,-
mprime,prob04,7,-
mprime,prob05,8,-
mprime,prob06,-,9
mprime,prob07,5,-
mprime,prob08,5,-
mprime,prob09,8,-
mprime,prob10,7,-
mprime,prob11,7,-
mprime,prob12,5,-
mprime,prob13,-,10
mprime,prob14,-,9
mprime,prob15,6,-
mprime,prob16,5,-
mprime,prob17,4,-
mprime,prob18,-,10
mprime,prob19,5,-
mprime,prob20,7,-
mprime,prob21,4,-
mprime,prob22,-,7
mprime,prob23,8,-
mprime,prob24,6,-
mprime,prob25,4,-
mprime,prob26,6,-
mprime,prob27,5,-
mprime,prob28,7,-
mprime,prob29,4,-
mprime,prob30,-,7
mprime,prob31,4,-
mprime,prob32,5,-
mprime,prob33,8,-
mprime,prob34,4,-
mprime,prob35,4,-
mprime,prob01,5,-
mprime,prob02,7,-
mprime,prob03,4,-
mprime,prob04,7,-
mprime,prob05,8,-
mprime,prob06,-,9
mprime,prob07,5,-
mprime,prob08,5,-
mprime,prob09,8,-
mprime,prob10,7,-
mprime,prob11,7,-
mprime,prob12,5,-
mprime,prob13,-,10
mprime,prob14,-,9
mprime,prob15,6,-
mprime,prob16,5,-
mprime,prob17,4,-
mprime,prob18,-,10
mprime,prob19,5,-
mprime,prob20,7,-
mprime,prob21,4,-
mprime,prob22,-,7
mprime,prob23,8,-
mprime,prob24,6,-
mprime,prob25,4,-
mprime,prob26,6,-
mprime,prob27,5,-
mprime,prob28,7,-
mprime,prob29,4,-
mprime,prob30,-,7
mprime,prob31,4,-
mprime,prob32,5,-
mprime,prob33,8,-
mprime,prob34,4,-
mprime,prob35,4,-
mystery,prob01,5,-
mystery,prob02,7,-
mystery,prob03,4,-
mystery,prob04,7,-
mystery,prob05,8,-
mystery,prob06,11,-
mystery,prob07,-,0
mystery,prob08,5,-
mystery,prob09,8,-
mystery,prob10,7,-
mystery,prob11,7,-
mystery,prob12,5,-
mystery,prob13,11,-
mystery,prob14,9,-
mystery,prob15,6,-
mystery,prob16,5,-
mystery,prob17,4,-
mystery,prob18,-,0
mystery,prob19,5,-
mystery,prob20,7,-
mystery,prob21,4,-
mystery,prob22,10,-
mystery,prob23,11,-
mystery,prob24,10,-
mystery,prob25,4,-
mystery,prob26,6,-
mystery,prob27,5,-
mystery,prob28,7,-
mystery,prob29,4,-
mystery,prob30,8,-
mystery,prob01,5,-
mystery,prob02,7,-
mystery,prob03,4,-
mystery,prob04,7,-
mystery,prob05,8,-
mystery,prob06,11,-
mystery,prob07,-,0
mystery,prob08,5,-
mystery,prob09,8,-
mystery,prob10,7,-
mystery,prob11,7,-
mystery,prob12,5,-
mystery,prob13,11,-
mystery,prob14,9,-
mystery,prob15,6,-
mystery,prob16,5,-
mystery,prob17,4,-
mystery,prob18,-,0
mystery,prob19,5,-
mystery,prob20,7,-
mystery,prob21,4,-
mystery,prob22,10,-
mystery,prob23,11,-
mystery,prob24,10,-
mystery,prob25,4,-
mystery,prob26,6,-
mystery,prob27,5,-
mystery,prob28,7,-
mystery,prob29,4,-
mystery,prob30,8,-
openstacks-strips,p01,21,-
openstacks-strips,p02,21,-
openstacks-strips,p03,21,-
openstacks-strips,p04,21,-
openstacks-strips,p05,21,-
openstacks-strips,p06,-,40
openstacks-strips,p07,-,39
openstacks-strips,p08,-,78
openstacks-strips,p09,-,77
openstacks-strips,p10,-,77
openstacks-strips,p11,-,77
openstacks-strips,p12,-,79
openstacks-strips,p13,-,80
openstacks-strips,p14,-,79
openstacks-strips,p15,-,79
openstacks-strips,p16,-,80
openstacks-strips,p17,-,98
openstacks-strips,p18,-,165
openstacks-strips,p19,-,94
openstacks-strips,p20,-,113
openstacks-strips,p21,-,112
openstacks-strips,p22,-,116
openstacks-strips,p23,-,118
openstacks-strips,p24,-,200
openstacks-strips,p25,-,200
openstacks-strips,p26,-,188
openstacks-strips,p27,-,287
openstacks-strips,p28,-,400
openstacks-strips,p29,-,399
openstacks-strips,p30,-,385
openstacks-strips,p01,21,-
openstacks-strips,p02,21,-
openstacks-strips,p03,21,-
openstacks-strips,p04,21,-
openstacks-strips,p05,21,-
openstacks-strips,p06,-,40
openstacks-strips,p07,-,39
openstacks-strips,p08,-,78
openstacks-strips,p09,-,77
openstacks-strips,p10,-,77
openstacks-strips,p11,-,77
openstacks-strips,p12,-,79
openstacks-strips,p13,-,80
openstacks-strips,p14,-,79
openstacks-strips,p15,-,79
openstacks-strips,p16,-,80
openstacks-strips,p17,-,98
openstacks-strips,p18,-,165
openstacks-strips,p19,-,94
openstacks-strips,p20,-,113
openstacks-strips,p21,-,112
openstacks-strips,p22,-,116
openstacks-strips,p23,-,118
openstacks-strips,p24,-,200
openstacks-strips,p25,-,200
openstacks-strips,p26,-,188
openstacks-strips,p27,-,287
openstacks-strips,p28,-,400
openstacks-strips,p29,-,399
openstacks-strips,p30,-,385
pathways-noneg,p01,6,-
pathways-noneg,p02,12,-
pathways-noneg,p03,16,-
pathways-noneg,p04,15,-
pathways-noneg,p05,29,-
pathways-noneg,p06,-,43
pathways-noneg,p07,-,44
pathways-noneg,p08,-,60
pathways-noneg,p09,-,50
pathways-noneg,p10,-,56
pathways-noneg,p11,-,53
pathways-noneg,p12,-,73
pathways-noneg,p13,-,72
pathways-noneg,p14,-,75
pathways-noneg,p15,-,78
pathways-noneg,p16,-,85
pathways-noneg,p17,-,97
pathways-noneg,p18,-,94
pathways-noneg,p19,-,100
pathways-noneg,p20,-,97
pathways-noneg,p21,-,101
pathways-noneg,p22,-,102
pathways-noneg,p23,-,109
pathways-noneg,p24,-,113
pathways-noneg,p25,-,120
pathways-noneg,p26,-,123
pathways-noneg,p27,-,123
pathways-noneg,p28,-,123
pathways-noneg,p29,-,132
pathways-noneg,p30,-,123
pathways-noneg,p01,6,-
pathways-noneg,p02,12,-
pathways-noneg,p03,16,-
pathways-noneg,p04,15,-
pathways-noneg,p05,29,-
pathways-noneg,p06,-,43
pathways-noneg,p07,-,44
pathways-noneg,p08,-,60
pathways-noneg,p09,-,50
pathways-noneg,p10,-,56
pathways-noneg,p11,-,53
pathways-noneg,p12,-,73
pathways-noneg,p13,-,72
pathways-noneg,p14,-,75
pathways-noneg,p15,-,78
pathways-noneg,p16,-,85
pathways-noneg,p17,-,97
pathways-noneg,p18,-,94
pathways-noneg,p19,-,100
pathways-noneg,p20,-,97
pathways-noneg,p21,-,101
pathways-noneg,p22,-,102
pathways-noneg,p23,-,109
pathways-noneg,p24,-,113
pathways-noneg,p25,-,120
pathways-noneg,p26,-,123
pathways-noneg,p27,-,123
pathways-noneg,p28,-,123
pathways-noneg,p29,-,132
pathways-noneg,p30,-,123
pipesworld-notankage,p01-net1-b6-g2,5,-
pipesworld-notankage,p02-net1-b6-g4,7,-
pipesworld-notankage,p03-net1-b8-g3,7,-
pipesworld-notankage,p04-net1-b8-g5,7,-
pipesworld-notankage,p05-net1-b10-g4,7,-
pipesworld-notankage,p06-net1-b10-g6,9,-
pipesworld-notankage,p07-net1-b12-g5,8,-
pipesworld-notankage,p08-net1-b12-g7,10,-
pipesworld-notankage,p09-net1-b14-g6,13,-
pipesworld-notankage,p10-net1-b14-g8,-,16
pipesworld-notankage,p11-net2-b10-g2,11,-
pipesworld-notankage,p12-net2-b10-g4,13,-
pipesworld-notankage,p13-net2-b12-g3,12,-
pipesworld-notankage,p14-net2-b12-g5,-,14
pipesworld-notankage,p15-net2-b14-g4,14,-
pipesworld-notankage,p16-net2-b14-g6,19,-
pipesworld-notankage,p17-net2-b16-g5,12,-
pipesworld-notankage,p18-net2-b16-g7,-,13
pipesworld-notankage,p19-net2-b18-g6,-,13
pipesworld-notankage,p20-net2-b18-g8,-,13
pipesworld-notankage,p21-net3-b12-g2,9,-
pipesworld-notankage,p22-net3-b12-g4,-,17
pipesworld-notankage,p23-net3-b14-g3,14,-
pipesworld-notankage,p24-net3-b14-g5,-,15
pipesworld-notankage,p25-net3-b16-g5,-,16
pipesworld-notankage,p26-net3-b16-g7,-,16
pipesworld-notankage,p27-net3-b18-g6,-,13
pipesworld-notankage,p28-net3-b18-g7,-,16
pipesworld-notankage,p29-net3-b20-g6,-,16
pipesworld-notankage,p30-net3-b20-g8,-,19
pipesworld-notankage,p31-net4-b14-g3,-,14
pipesworld-notankage,p32-net4-b14-g5,-,15
pipesworld-notankage,p33-net4-b16-g5,-,16
pipesworld-notankage,p34-net4-b16-g6,-,16
pipesworld-notankage,p35-net4-b18-g4,-,13
pipesworld-notankage,p36-net4-b18-g6,-,13
pipesworld-notankage,p37-net4-b20-g5,-,13
pipesworld-notankage,p38-net4-b20-g7,-,14
pipesworld-notankage,p39-net4-b22-g7,-,14
pipesworld-notankage,p40-net4-b22-g8,-,14
pipesworld-notankage,p41-net5-b22-g2,8,-
pipesworld-notankage,p42-net5-b22-g4,-,13
pipesworld-notankage,p43-net5-b24-g3,-,14
pipesworld-notankage,p44-net5-b24-g5,-,15
pipesworld-notankage,p45-net5-b26-g4,-,15
pipesworld-notankage,p46-net5-b26-g6,-,16
pipesworld-notankage,p47-net5-b28-g5,-,18
pipesworld-notankage,p48-net5-b28-g7,-,18
pipesworld-notankage,p49-net5-b30-g6,-,14
pipesworld-notankage,p50-net5-b30-g8,-,17
pipesworld-notankage,p01-net1-b6-g2,5,-
pipesworld-notankage,p02-net1-b6-g4,7,-
pipesworld-notankage,p03-net1-b8-g3,7,-
pipesworld-notankage,p04-net1-b8-g5,7,-
pipesworld-notankage,p05-net1-b10-g4,7,-
pipesworld-notankage,p06-net1-b10-g6,9,-
pipesworld-notankage,p07-net1-b12-g5,8,-
pipesworld-notankage,p08-net1-b12-g7,10,-
pipesworld-notankage,p09-net1-b14-g6,13,-
pipesworld-notankage,p10-net1-b14-g8,-,16
pipesworld-notankage,p11-net2-b10-g2,11,-
pipesworld-notankage,p12-net2-b10-g4,13,-
pipesworld-notankage,p13-net2-b12-g3,12,-
pipesworld-notankage,p14-net2-b12-g5,-,14
pipesworld-notankage,p15-net2-b14-g4,14,-
pipesworld-notankage,p16-net2-b14-g6,19,-
pipesworld-notankage,p17-net2-b16-g5,12,-
pipesworld-notankage,p18-net2-b16-g7,-,13
pipesworld-notankage,p19-net2-b18-g6,-,13
pipesworld-notankage,p20-net2-b18-g8,-,13
pipesworld-notankage,p21-net3-b12-g2,9,-
pipesworld-notankage,p22-net3-b12-g4,-,17
pipesworld-notankage,p23-net3-b14-g3,14,-
pipesworld-notankage,p24-net3-b14-g5,-,15
pipesworld-notankage,p25-net3-b16-g5,-,16
pipesworld-notankage,p26-net3-b16-g7,-,16
pipesworld-notankage,p27-net3-b18-g6,-,13
pipesworld-notankage,p28-net3-b18-g7,-,16
pipesworld-notankage,p29-net3-b20-g6,-,16
pipesworld-notankage,p30-net3-b20-g8,-,19
pipesworld-notankage,p31-net4-b14-g3,-,14
pipesworld-notankage,p32-net4-b14-g5,-,15
pipesworld-notankage,p33-net4-b16-g5,-,16
pipesworld-notankage,p34-net4-b16-g6,-,16
pipesworld-notankage,p35-net4-b18-g4,-,13
pipesworld-notankage,p36-net4-b18-g6,-,13
pipesworld-notankage,p37-net4-b20-g5,-,13
pipesworld-notankage,p38-net4-b20-g7,-,14
pipesworld-notankage,p39-net4-b22-g7,-,14
pipesworld-notankage,p40-net4-b22-g8,-,14
pipesworld-notankage,p41-net5-b22-g2,8,-
pipesworld-notankage,p42-net5-b22-g4,-,13
pipesworld-notankage,p43-net5-b24-g3,-,14
pipesworld-notankage,p44-net5-b24-g5,-,15
pipesworld-notankage,p45-net5-b26-g4,-,15
pipesworld-notankage,p46-net5-b26-g6,-,16
pipesworld-notankage,p47-net5-b28-g5,-,18
pipesworld-notankage,p48-net5-b28-g7,-,18
pipesworld-notankage,p49-net5-b30-g6,-,14
pipesworld-notankage,p50-net5-b30-g8,-,17
pipesworld-tankage,p01-net1-b6-g2-t50,5,-
pipesworld-tankage,p02-net1-b6-g4-t50,7,-
pipesworld-tankage,p03-net1-b8-g3-t80,7,-
pipesworld-tankage,p04-net1-b8-g5-t80,7,-
pipesworld-tankage,p05-net1-b10-g4-t50,7,-
pipesworld-tankage,p06-net1-b10-g6-t50,9,-
pipesworld-tankage,p07-net1-b12-g5-t80,8,-
pipesworld-tankage,p08-net1-b12-g7-t80,-,9
pipesworld-tankage,p09-net1-b14-g6-t50,-,11
pipesworld-tankage,p10-net1-b14-g8-t50,-,13
pipesworld-tankage,p11-net2-b10-g2-t30,12,-
pipesworld-tankage,p12-net2-b10-g4-t60,13,-
pipesworld-tankage,p13-net2-b12-g3-t70,-,10
pipesworld-tankage,p14-net2-b12-g5-t30,-,14
pipesworld-tankage,p15-net2-b14-g4-t30,14,-
pipesworld-tankage,p16-net2-b14-g6-t80,-,16
pipesworld-tankage,p17-net2-b16-g5-t20,-,12
pipesworld-tankage,p18-net2-b16-g7-t60,-,12
pipesworld-tankage,p19-net2-b18-g6-t60,-,12
pipesworld-tankage,p20-net2-b18-g8-t90,-,13
pipesworld-tankage,p21-net3-b12-g2-t60,9,-
pipesworld-tankage,p22-net3-b12-g4-t60,-,15
pipesworld-tankage,p23-net3-b14-g3-t60,-,13
pipesworld-tankage,p24-net3-b14-g5-t60,-,13
pipesworld-tankage,p25-net3-b16-g5-t60,-,14
pipesworld-tankage,p26-net3-b16-g7-t70,-,15
pipesworld-tankage,p27-net3-b18-g6-t70,-,14
pipesworld-tankage,p28-net3-b18-g7-t70,-,17
pipesworld-tankage,p29-net3-b20-g6-t70,-,14
pipesworld-tankage,p30-net3-b20-g8-t70,-,18
pipesworld-tankage,p31-net4-b14-g3-t20,-,15
pipesworld-tankage,p32-net4-b14-g5-t30,-,15
pipesworld-tankage,p33-net4-b16-g5-t60,-,13
pipesworld-tankage,p34-net4-b16-g6-t60,-,14
pipesworld-tankage,p35-net4-b18-g4-t90,-,10
pipesworld-tankage,p36-net4-b18-g6-t90,-,12
pipesworld-tankage,p37-net4-b20-g5-t60,-,11
pipesworld-tankage,p38-net4-b20-g7-t60,-,12
pipesworld-tankage,p39-net4-b22-g7-t50,-,12
pipesworld-tankage,p40-net4-b22-g8-t50,-,13
pipesworld-tankage,p41-net5-b22-g2-t20,8,-
pipesworld-tankage,p42-net5-b22-g4-t50,-,12
pipesworld-tankage,p43-net5-b24-g3-t80,-,12
pipesworld-tankage,p44-net5-b24-g5-t80,-,13
pipesworld-tankage,p45-net5-b26-g4-t50,-,13
pipesworld-tankage,p46-net5-b26-g6-t50,-,14
pipesworld-tankage,p47-net5-b28-g5-t50,-,17
pipesworld-tankage,p48-net5-b28-g7-t50,-,18
pipesworld-tankage,p49-net5-b30-g6-t50,-,13
pipesworld-tankage,p50-net5-b30-g8-t50,-,14
pipesworld-tankage,p01-net1-b6-g2-t50,5,-
pipesworld-tankage,p02-net1-b6-g4-t50,7,-
pipesworld-tankage,p03-net1-b8-g3-t80,7,-
pipesworld-tankage,p04-net1-b8-g5-t80,7,-
pipesworld-tankage,p05-net1-b10-g4-t50,7,-
pipesworld-tankage,p06-net1-b10-g6-t50,9,-
pipesworld-tankage,p07-net1-b12-g5-t80,8,-
pipesworld-tankage,p08-net1-b12-g7-t80,-,9
pipesworld-tankage,p09-net1-b14-g6-t50,-,11
pipesworld-tankage,p10-net1-b14-g8-t50,-,13
pipesworld-tankage,p11-net2-b10-g2-t30,12,-
pipesworld-tankage,p12-net2-b10-g4-t60,13,-
pipesworld-tankage,p13-net2-b12-g3-t70,-,10
pipesworld-tankage,p14-net2-b12-g5-t30,-,14
pipesworld-tankage,p15-net2-b14-g4-t30,14,-
pipesworld-tankage,p16-net2-b14-g6-t80,-,16
pipesworld-tankage,p17-net2-b16-g5-t20,-,12
pipesworld-tankage,p18-net2-b16-g7-t60,-,12
pipesworld-tankage,p19-net2-b18-g6-t60,-,12
pipesworld-tankage,p20-net2-b18-g8-t90,-,13
pipesworld-tankage,p21-net3-b12-g2-t60,9,-
pipesworld-tankage,p22-net3-b12-g4-t60,-,15
pipesworld-tankage,p23-net3-b14-g3-t60,-,13
pipesworld-tankage,p24-net3-b14-g5-t60,-,13
pipesworld-tankage,p25-net3-b16-g5-t60,-,14
pipesworld-tankage,p26-net3-b16-g7-t70,-,15
pipesworld-tankage,p27-net3-b18-g6-t70,-,14
pipesworld-tankage,p28-net3-b18-g7-t70,-,17
pipesworld-tankage,p29-net3-b20-g6-t70,-,14
pipesworld-tankage,p30-net3-b20-g8-t70,-,18
pipesworld-tankage,p31-net4-b14-g3-t20,-,15
pipesworld-tankage,p32-net4-b14-g5-t30,-,15
pipesworld-tankage,p33-net4-b16-g5-t60,-,13
pipesworld-tankage,p34-net4-b16-g6-t60,-,14
pipesworld-tankage,p35-net4-b18-g4-t90,-,10
pipesworld-tankage,p36-net4-b18-g6-t90,-,12
pipesworld-tankage,p37-net4-b20-g5-t60,-,11
pipesworld-tankage,p38-net4-b20-g7-t60,-,12
pipesworld-tankage,p39-net4-b22-g7-t50,-,12
pipesworld-tankage,p40-net4-b22-g8-t50,-,13
pipesworld-tankage,p41-net5-b22-g2-t20,8,-
pipesworld-tankage,p42-net5-b22-g4-t50,-,12
pipesworld-tankage,p43-net5-b24-g3-t80,-,12
pipesworld-tankage,p44-net5-b24-g5-t80,-,13
pipesworld-tankage,p45-net5-b26-g4-t50,-,13
pipesworld-tankage,p46-net5-b26-g6-t50,-,14
pipesworld-tankage,p47-net5-b28-g5-t50,-,17
pipesworld-tankage,p48-net5-b28-g7-t50,-,18
pipesworld-tankage,p49-net5-b30-g6-t50,-,13
pipesworld-tankage,p50-net5-b30-g8-t50,-,14
psr-small,p01-s2-n1-l2-f50,1,-
psr-small,p02-s5-n1-l3-f30,1,-
psr-small,p03-s7-n1-l3-f70,1,-
psr-small,p04-s8-n1-l4-f10,1,-
psr-small,p05-s9-n1-l4-f30,1,-
psr-small,p06-s10-n1-l4-f50,1,-
psr-small,p07-s11-n1-l4-f70,1,-
psr-small,p08-s12-n1-l5-f10,1,-
psr-small,p09-s13-n1-l5-f30,1,-
psr-small,p10-s17-n2-l2-f30,2,-
psr-small,p11-s18-n2-l2-f50,2,-
psr-small,p12-s21-n2-l3-f30,2,-
psr-small,p13-s22-n2-l3-f50,3,-
psr-small,p14-s23-n2-l3-f70,2,-
psr-small,p15-s24-n2-l4-f10,2,-
psr-small,p16-s29-n2-l5-f30,3,-
psr-small,p17-s30-n2-l5-f50,2,-
psr-small,p18-s31-n2-l5-f70,2,-
psr-small,p19-s33-n3-l2-f30,5,-
psr-small,p20-s34-n3-l2-f50,3,-
psr-small,p21-s35-n3-l2-f70,3,-
psr-small,p22-s37-n3-l3-f30,4,-
psr-small,p23-s38-n3-l3-f50,3,-
psr-small,p24-s39-n3-l3-f70,3,-
psr-small,p25-s40-n3-l4-f10,2,-
psr-small,p26-s41-n3-l4-f30,3,-
psr-small,p27-s42-n3-l4-f50,3,-
psr-small,p28-s43-n3-l4-f70,3,-
psr-small,p29-s45-n3-l5-f30,5,-
psr-small,p30-s46-n3-l5-f50,3,-
psr-small,p31-s49-n4-l2-f30,4,-
psr-small,p32-s50-n4-l2-f50,4,-
psr-small,p33-s51-n4-l2-f70,4,-
psr-small,p34-s55-n4-l3-f70,4,-
psr-small,p35-s57-n5-l2-f30,4,-
psr-small,p36-s65-n6-l2-f30,6,-
psr-small,p37-s67-n6-l2-f70,6,-
psr-small,p38-s78-n3-l3-f50,3,-
psr-small,p39-s79-n3-l3-f70,3,-
psr-small,p40-s80-n3-l4-f10,3,-
psr-small,p41-s81-n3-l4-f30,3,-
psr-small,p42-s82-n3-l4-f50,4,-
psr-small,p43-s83-n3-l4-f70,4,-
psr-small,p44-s89-n4-l2-f30,5,-
psr-small,p45-s94-n4-l3-f50,4,-
psr-small,p46-s97-n5-l2-f30,5,-
psr-small,p47-s98-n5-l2-f50,4,-
psr-small,p48-s101-n5-l3-f30,5,-
psr-small,p49-s105-n6-l2-f30,7,-
psr-small,p50-s107-n6-l2-f70,6,-
rovers,p01,9,-
rovers,p02,7,-
rovers,p03,9,-
rovers,p04,8,-
rovers,p05,18,-
rovers,p06,27,-
rovers,p07,15,-
rovers,p08,21,-
rovers,p09,24,-
rovers,p10,26,-
rovers,p11,24,-
rovers,p12,16,-
rovers,p13,-,29
rovers,p14,22,-
rovers,p15,29,-
rovers,p16,-,29
rovers,p17,-,34
rovers,p18,-,29
rovers,p19,-,41
rovers,p20,-,53
rovers,p21,-,36
rovers,p22,-,41
rovers,p23,-,46
rovers,p24,-,58
rovers,p25,-,24
rovers,p26,-,37
rovers,p27,-,53
rovers,p28,-,45
rovers,p29,-,38
rovers,p30,-,59
rovers,p31,-,64
rovers,p32,-,85
rovers,p33,-,112
rovers,p34,-,76
rovers,p35,-,158
rovers,p36,-,104
rovers,p37,-,144
rovers,p38,-,131
rovers,p39,-,166
rovers,p40,-,163
rovers,p01,9,-
rovers,p02,7,-
rovers,p03,9,-
rovers,p04,8,-
rovers,p05,18,-
rovers,p06,27,-
rovers,p07,15,-
rovers,p08,21,-
rovers,p09,24,-
rovers,p10,26,-
rovers,p11,24,-
rovers,p12,16,-
rovers,p13,-,29
rovers,p14,22,-
rovers,p15,29,-
rovers,p16,-,29
rovers,p17,-,34
rovers,p18,-,29
rovers,p19,-,41
rovers,p20,-,53
rovers,p21,-,36
rovers,p22,-,41
rovers,p23,-,46
rovers,p24,-,58
rovers,p25,-,24
rovers,p26,-,37
rovers,p27,-,53
rovers,p28,-,45
rovers,p29,-,38
rovers,p30,-,59
rovers,p31,-,64
rovers,p32,-,85
rovers,p33,-,112
rovers,p34,-,76
rovers,p35,-,158
rovers,p36,-,104
rovers,p37,-,144
rovers,p38,-,131
rovers,p39,-,166
rovers,p40,-,163
tpp,p01,4,-
tpp,p02,7,-
tpp,p03,10,-
tpp,p04,13,-
tpp,p05,17,-
tpp,p06,21,-
tpp,p07,26,-
tpp,p08,30,-
tpp,p09,35,-
tpp,p10,39,-
tpp,p11,30,-
tpp,p12,32,-
tpp,p13,31,-
tpp,p14,-,39
tpp,p15,-,45
tpp,p16,52,-
tpp,p17,50,-
tpp,p18,51,-
tpp,p19,62,-
tpp,p20,69,-
tpp,p21,-,60
tpp,p22,-,54
tpp,p23,-,63
tpp,p24,-,65
tpp,p25,-,72
tpp,p26,-,75
tpp,p27,-,79
tpp,p28,-,85
tpp,p29,-,100
tpp,p30,-,99
tpp,p01,4,-
tpp,p02,7,-
tpp,p03,10,-
tpp,p04,13,-
tpp,p05,17,-
tpp,p06,21,-
tpp,p07,26,-
tpp,p08,30,-
tpp,p09,35,-
tpp,p10,39,-
tpp,p11,30,-
tpp,p12,32,-
tpp,p13,31,-
tpp,p14,-,39
tpp,p15,-,45
tpp,p16,52,-
tpp,p17,50,-
tpp,p18,51,-
tpp,p19,62,-
tpp,p20,69,-
tpp,p21,-,60
tpp,p22,-,54
tpp,p23,-,63
tpp,p24,-,65
tpp,p25,-,72
tpp,p26,-,75
tpp,p27,-,79
tpp,p28,-,85
tpp,p29,-,100
tpp,p30,-,99
trucks-strips,p01,11,-
trucks-strips,p02,14,-
trucks-strips,p03,17,-
trucks-strips,p04,20,-
trucks-strips,p05,23,-
trucks-strips,p06,26,-
trucks-strips,p07,20,-
trucks-strips,p08,-,23
trucks-strips,p09,26,-
trucks-strips,p10,30,-
trucks-strips,p11,-,32
trucks-strips,p12,-,35
trucks-strips,p13,30,-
trucks-strips,p14,-,32
trucks-strips,p15,-,35
trucks-strips,p16,-,38
trucks-strips,p17,-,41
trucks-strips,p18,-,43
trucks-strips,p19,-,38
trucks-strips,p20,-,41
trucks-strips,p21,-,44
trucks-strips,p22,-,47
trucks-strips,p23,-,50
trucks-strips,p24,-,53
trucks-strips,p25,-,46
trucks-strips,p26,-,49
trucks-strips,p27,-,53
trucks-strips,p28,-,56
trucks-strips,p29,-,59
trucks-strips,p30,-,62
trucks-strips,p01,11,-
trucks-strips,p02,14,-
trucks-strips,p03,17,-
trucks-strips,p04,20,-
trucks-strips,p05,23,-
trucks-strips,p06,26,-
trucks-strips,p07,20,-
trucks-strips,p08,-,23
trucks-strips,p09,26,-
trucks-strips,p10,30,-
trucks-strips,p11,-,32
trucks-strips,p12,-,35
trucks-strips,p13,30,-
trucks-strips,p14,-,32
trucks-strips,p15,-,35
trucks-strips,p16,-,38
trucks-strips,p17,-,41
trucks-strips,p18,-,43
trucks-strips,p19,-,38
trucks-strips,p20,-,41
trucks-strips,p21,-,44
trucks-strips,p22,-,47
trucks-strips,p23,-,50
trucks-strips,p24,-,53
trucks-strips,p25,-,46
trucks-strips,p26,-,49
trucks-strips,p27,-,53
trucks-strips,p28,-,56
trucks-strips,p29,-,59
trucks-strips,p30,-,62
zenotravel,pfile1,1,-
zenotravel,pfile10,20,-
zenotravel,pfile11,12,-
zenotravel,pfile12,19,-
zenotravel,pfile13,23,-
zenotravel,pfile14,-,27
zenotravel,pfile15,-,31
zenotravel,pfile16,-,36
zenotravel,pfile17,-,52
zenotravel,pfile18,-,50
zenotravel,pfile19,-,58
zenotravel,pfile2,4,-
zenotravel,pfile20,-,67
zenotravel,pfile3,5,-
zenotravel,pfile4,6,-
zenotravel,pfile5,11,-
zenotravel,pfile6,11,-
zenotravel,pfile7,11,-
zenotravel,pfile8,10,-
zenotravel,pfile9,18,-
zenotravel,pfile1,1,-
zenotravel,pfile10,20,-
zenotravel,pfile11,12,-
zenotravel,pfile12,19,-
zenotravel,pfile13,23,-
zenotravel,pfile14,-,27
zenotravel,pfile15,-,31
zenotravel,pfile16,-,36
zenotravel,pfile17,-,52
zenotravel,pfile18,-,50
zenotravel,pfile19,-,58
zenotravel,pfile2,4,-
zenotravel,pfile20,-,67
zenotravel,pfile3,5,-
zenotravel,pfile4,6,-
zenotravel,pfile5,11,-
zenotravel,pfile6,11,-
zenotravel,pfile7,11,-
zenotravel,pfile8,10,-
zenotravel,pfile9,18,-
